customerid,NumberAccounts,price,ExtraContent,ads,selected
7,2,10,HBO,one_per_day,1
7,6,8,Marvel,one_per_show,1
7,4,15,Disney,one_per_day,1
7,5,10,HBO,one_per_day,1
7,1,20,Soccer,one_per_show,1
7,2,15,Marvel,none,0
7,1,12,Disney,one_per_show,0
7,4,18,less content,none,1
7,4,15,Prime originals,one_per_show,0
7,3,18,Soccer,one_per_show,0
7,5,12,Marvel,one_per_day,0
11,2,20,Marvel,none,1
11,5,18,Prime originals,none,0
11,3,12,Marvel,none,1
11,2,18,less content,one_per_show,0
11,6,20,HBO,one_per_day,1
11,1,15,Soccer,none,1
11,2,15,HBO,one_per_day,0
11,3,20,Prime originals,one_per_show,1
11,5,15,HBO,one_per_show,0
16,4,8,HBO,one_per_show,1
16,4,15,Disney,one_per_show,1
16,1,12,Soccer,none,0
16,4,12,Marvel,one_per_show,0
16,4,18,Disney,one_per_show,0
16,4,12,Prime originals,none,1
16,1,18,Marvel,none,0
16,2,10,Disney,one_per_show,1
20,5,10,Prime originals,none,1
20,1,20,Soccer,one_per_show,0
20,5,15,Soccer,one_per_day,1
20,4,18,Marvel,one_per_show,0
20,1,8,Prime originals,one_per_day,0
20,5,10,less content,one_per_day,1
20,5,18,Prime originals,one_per_show,1
20,3,12,less content,one_per_show,0
21,4,20,HBO,one_per_show,0
21,1,20,Soccer,one_per_day,1
21,3,10,Soccer,one_per_show,1
21,3,20,less content,none,1
21,1,10,Prime originals,one_per_day,0
21,2,15,Marvel,none,1
21,4,12,Prime originals,none,1
21,5,20,Prime originals,one_per_day,0
21,1,18,Marvel,none,0
22,5,20,Marvel,one_per_day,0
22,4,12,HBO,none,0
22,1,10,Prime originals,none,0
22,5,8,Disney,one_per_day,1
22,4,12,Soccer,one_per_day,1
22,6,8,Prime originals,one_per_day,1
22,1,12,Prime originals,one_per_show,1
22,3,15,Disney,one_per_show,1
22,5,8,Marvel,one_per_show,0
22,1,20,less content,none,0
22,6,12,less content,one_per_day,1
22,4,18,Prime originals,one_per_show,0
27,5,15,Disney,one_per_day,1
27,5,8,Prime originals,one_per_day,1
27,2,10,Disney,none,0
27,4,8,Marvel,one_per_show,1
27,4,8,less content,one_per_day,1
27,1,8,Soccer,one_per_day,1
27,1,12,Marvel,none,0
27,6,20,Soccer,none,0
27,6,10,Soccer,one_per_show,0
27,1,15,Prime originals,none,0
27,1,18,Prime originals,none,0
30,1,12,less content,one_per_show,0
30,3,20,less content,none,0
30,6,10,Disney,none,1
30,2,15,Prime originals,one_per_day,0
30,4,10,Disney,none,0
30,4,15,HBO,one_per_day,1
30,1,15,Prime originals,none,1
30,2,20,Prime originals,one_per_show,1
30,2,18,Marvel,one_per_show,1
33,1,15,Soccer,one_per_day,1
33,6,12,Prime originals,one_per_day,1
33,3,20,less content,one_per_day,0
33,1,18,Prime originals,one_per_show,0
33,1,18,Soccer,one_per_day,0
33,1,10,Marvel,one_per_show,0
33,2,15,HBO,one_per_day,1
33,4,20,less content,one_per_show,0
33,2,15,HBO,one_per_day,1
33,6,12,HBO,one_per_day,1
33,2,15,Soccer,one_per_show,0
33,4,15,Marvel,one_per_day,1
35,2,18,Prime originals,one_per_day,0
35,2,18,HBO,one_per_show,1
35,3,12,Prime originals,one_per_show,0
35,6,12,Prime originals,one_per_show,1
35,2,20,Soccer,none,0
35,2,10,HBO,none,1
35,3,12,Soccer,one_per_day,0
35,5,18,less content,one_per_show,0
35,4,10,Disney,one_per_show,1
35,5,8,Disney,one_per_show,1
40,2,20,HBO,one_per_day,1
40,3,10,HBO,one_per_day,1
40,2,20,Soccer,one_per_show,0
40,6,15,Marvel,one_per_show,0
40,1,18,Prime originals,none,0
40,3,8,Disney,none,1
40,2,20,less content,one_per_day,0
40,5,8,HBO,one_per_show,1
40,4,20,Marvel,one_per_show,0
40,3,18,Prime originals,none,1
46,4,12,Soccer,one_per_day,0
46,6,20,Soccer,one_per_show,0
46,1,8,Soccer,one_per_day,1
46,6,18,HBO,one_per_day,1
46,5,10,Prime originals,one_per_show,0
46,4,18,Disney,none,0
46,4,10,HBO,none,1
46,5,10,HBO,none,1
46,3,18,less content,one_per_day,1
46,1,12,Prime originals,none,0
46,4,18,HBO,none,0
46,3,8,Prime originals,one_per_day,1
57,5,8,Soccer,one_per_show,1
57,3,8,Disney,one_per_day,1
57,6,20,Soccer,one_per_show,0
57,2,18,Soccer,none,0
57,6,18,HBO,one_per_day,1
57,6,10,HBO,one_per_day,1
57,3,12,Disney,one_per_day,0
58,6,12,Prime originals,none,1
58,1,10,less content,one_per_show,0
58,1,18,less content,none,0
58,4,12,Marvel,one_per_day,1
58,5,15,Soccer,none,1
58,3,15,Disney,one_per_show,0
58,5,12,Marvel,one_per_show,0
58,3,8,Disney,one_per_show,0
58,3,12,Disney,none,1
58,3,15,Disney,one_per_day,1
58,1,8,Soccer,one_per_show,0
61,6,20,HBO,one_per_day,1
61,4,15,Disney,none,0
61,2,10,less content,none,1
61,6,18,HBO,one_per_show,0
61,3,12,less content,one_per_day,0
61,5,12,Marvel,one_per_day,1
61,1,12,Soccer,one_per_day,0
61,4,20,Disney,none,1
61,2,10,Prime originals,one_per_day,0
61,1,8,Disney,one_per_show,1
64,5,20,Prime originals,none,1
64,4,18,Disney,one_per_day,1
64,5,10,Soccer,one_per_show,1
64,4,15,Prime originals,one_per_show,0
64,6,8,less content,none,0
64,6,20,Soccer,one_per_show,1
64,6,8,Soccer,one_per_show,0
65,4,15,Soccer,none,0
65,1,18,Disney,none,1
65,3,10,Disney,one_per_day,1
65,4,10,Marvel,one_per_day,1
65,5,15,Marvel,one_per_show,0
65,6,20,HBO,one_per_show,0
65,3,18,less content,one_per_show,0
68,6,18,Soccer,one_per_day,0
68,5,10,Soccer,one_per_show,1
68,4,8,Prime originals,one_per_day,1
68,2,15,less content,one_per_show,0
68,4,8,Marvel,one_per_show,0
68,6,18,Prime originals,none,1
68,2,12,less content,none,1
68,2,20,Marvel,none,0
68,6,15,HBO,one_per_day,0
68,6,15,Marvel,one_per_show,1
69,6,20,Disney,one_per_day,1
69,5,15,Marvel,one_per_show,0
69,5,15,HBO,one_per_show,1
69,3,8,Prime originals,one_per_show,0
69,1,15,Marvel,one_per_show,0
69,3,20,less content,none,1
69,4,20,HBO,none,1
69,5,15,less content,none,0
69,4,20,less content,none,1
69,2,15,Soccer,one_per_day,1
69,6,15,Marvel,one_per_day,0
72,3,8,Disney,one_per_show,1
72,4,12,Disney,one_per_day,1
72,3,12,less content,none,1
72,6,8,less content,one_per_show,0
72,3,8,Prime originals,none,0
72,1,20,Disney,none,0
72,6,12,Prime originals,one_per_day,0
72,1,8,Marvel,none,0
72,5,8,Prime originals,one_per_day,1
72,4,20,Marvel,one_per_day,0
75,4,8,Marvel,one_per_day,1
75,6,20,HBO,one_per_show,0
75,5,8,HBO,none,1
75,5,8,Soccer,none,1
75,5,12,HBO,one_per_day,1
75,3,15,less content,one_per_day,0
75,3,8,Disney,one_per_show,0
75,1,8,Disney,one_per_day,0
75,3,15,HBO,one_per_show,0
75,4,8,less content,none,1
75,3,8,Marvel,one_per_day,1
80,6,12,Prime originals,one_per_day,0
80,6,15,Prime originals,none,0
80,3,12,Marvel,none,1
80,6,18,Disney,one_per_show,0
80,6,15,Disney,one_per_day,1
80,2,18,Prime originals,one_per_day,1
80,5,8,HBO,one_per_day,1
80,4,12,HBO,one_per_show,1
80,5,15,Marvel,none,0
80,6,15,Disney,one_per_show,0
83,4,8,less content,one_per_day,0
83,1,8,Disney,none,0
83,6,8,Marvel,one_per_day,1
83,3,20,less content,one_per_day,0
83,6,10,Soccer,one_per_day,1
83,3,8,Disney,one_per_day,1
83,1,8,Soccer,one_per_day,0
83,3,20,Disney,none,0
83,4,8,HBO,none,1
84,2,20,Soccer,one_per_day,0
84,6,20,Disney,one_per_day,0
84,4,20,Soccer,one_per_show,0
84,4,15,Prime originals,one_per_show,1
84,2,8,Marvel,one_per_day,1
84,3,20,Soccer,one_per_day,1
84,6,10,HBO,one_per_day,1
84,1,10,Soccer,one_per_show,0
84,2,15,Prime originals,none,0
84,6,18,Marvel,one_per_show,1
84,5,18,less content,none,0
84,3,20,Marvel,one_per_day,1
85,3,15,Soccer,one_per_show,1
85,4,12,Marvel,one_per_day,0
85,2,20,Soccer,none,1
85,2,15,Prime originals,one_per_day,1
85,2,8,Soccer,none,1
85,4,18,Prime originals,none,0
85,3,8,Disney,one_per_show,1
85,6,15,Marvel,one_per_day,0
85,3,12,HBO,none,0
85,1,20,Marvel,one_per_show,0
85,6,15,Disney,one_per_day,1
86,3,15,Marvel,one_per_show,1
86,3,15,Soccer,one_per_day,0
86,5,20,Marvel,none,1
86,3,8,less content,one_per_show,1
86,6,10,Soccer,one_per_show,1
86,5,10,less content,one_per_show,0
86,1,10,Marvel,none,0
86,1,8,Prime originals,one_per_show,0
90,2,18,Soccer,none,1
90,2,12,Marvel,none,1
90,1,10,Disney,none,1
90,5,20,Prime originals,one_per_day,0
90,4,8,Soccer,one_per_show,0
90,5,10,HBO,one_per_day,1
90,4,18,Soccer,none,0
90,3,8,Soccer,none,0
91,3,18,HBO,one_per_show,1
91,4,15,Prime originals,none,1
91,3,10,Prime originals,none,0
91,6,20,Prime originals,none,0
91,5,8,HBO,none,1
91,1,12,Soccer,one_per_day,1
91,1,10,Soccer,one_per_show,1
91,2,8,Prime originals,none,0
91,6,12,Disney,none,0
95,4,8,Disney,none,1
95,5,20,less content,one_per_show,0
95,5,15,Soccer,one_per_show,0
95,2,12,less content,one_per_show,1
95,4,8,Marvel,one_per_day,0
95,5,20,Soccer,one_per_day,0
95,3,20,less content,none,0
95,6,15,Disney,one_per_show,1
95,3,12,HBO,one_per_day,1
95,3,20,Marvel,none,1
95,5,12,less content,one_per_show,0
95,5,8,Marvel,one_per_day,1
98,3,10,Disney,one_per_show,1
98,4,15,HBO,one_per_day,1
98,5,8,less content,one_per_show,0
98,5,15,Prime originals,one_per_show,1
98,4,20,Marvel,one_per_day,0
98,1,12,Marvel,none,1
98,2,18,Soccer,one_per_day,1
98,1,15,HBO,one_per_day,0
98,1,20,Soccer,one_per_show,0
100,4,8,less content,one_per_show,0
100,5,20,HBO,one_per_show,0
100,6,10,Disney,none,1
100,1,12,HBO,none,0
100,2,10,Soccer,none,0
100,2,20,less content,none,0
100,6,20,Disney,none,1
100,2,15,Prime originals,none,1
101,4,18,Prime originals,one_per_day,1
101,4,18,Soccer,none,1
101,4,8,HBO,none,1
101,2,12,HBO,none,1
101,5,8,Prime originals,one_per_day,0
101,5,8,HBO,one_per_show,0
101,2,12,Disney,one_per_show,0
101,1,12,HBO,one_per_show,0
101,5,12,Soccer,none,1
101,1,18,Soccer,none,1
101,3,15,Disney,one_per_day,0
102,4,15,Disney,one_per_day,1
102,3,12,Marvel,none,0
102,2,12,less content,one_per_day,0
102,6,20,less content,none,0
102,2,20,Marvel,one_per_show,1
102,5,18,less content,one_per_day,0
102,1,10,Prime originals,one_per_show,1
102,6,20,less content,one_per_day,1
102,3,18,Marvel,one_per_show,1
102,5,10,Soccer,one_per_day,1
102,4,18,less content,one_per_show,0
102,2,12,Disney,one_per_show,0
108,6,15,Disney,none,1
108,6,18,HBO,none,1
108,1,10,less content,none,0
108,5,12,less content,one_per_show,0
108,3,12,Soccer,none,1
108,5,18,Prime originals,one_per_day,1
108,5,8,Soccer,one_per_day,0
108,5,8,HBO,none,1
108,2,12,Disney,none,0
108,2,15,Disney,none,1
108,3,10,HBO,one_per_show,0
110,5,18,Soccer,none,1
110,4,8,Prime originals,one_per_show,0
110,1,20,Marvel,one_per_day,0
110,5,8,HBO,one_per_show,0
110,6,8,HBO,none,0
110,6,15,Soccer,none,0
110,1,12,Marvel,none,1
110,6,18,HBO,none,1
110,4,8,Prime originals,none,0
110,5,15,Marvel,one_per_day,1
111,3,18,Prime originals,none,1
111,3,20,Disney,none,0
111,5,18,Soccer,one_per_day,0
111,4,18,less content,one_per_show,0
111,4,10,Soccer,one_per_show,0
111,4,20,Disney,none,1
111,2,20,less content,none,0
111,3,20,Prime originals,one_per_show,1
111,3,12,Marvel,one_per_day,1
111,3,15,Soccer,one_per_show,0
117,2,10,HBO,none,1
117,5,8,Disney,one_per_show,0
117,2,15,HBO,one_per_show,0
117,2,18,Marvel,one_per_day,0
117,6,10,Soccer,one_per_day,1
117,6,15,Soccer,one_per_day,1
117,4,15,HBO,one_per_day,1
117,1,15,HBO,one_per_day,0
117,2,18,Disney,one_per_day,0
117,3,20,less content,one_per_day,0
118,6,18,Marvel,one_per_show,1
118,3,8,less content,none,0
118,2,8,Disney,none,1
118,5,20,Soccer,none,1
118,3,12,Marvel,one_per_show,1
118,1,15,HBO,one_per_day,0
118,2,18,Disney,one_per_day,0
118,3,20,HBO,one_per_show,0
118,1,12,Disney,one_per_show,1
118,5,15,less content,one_per_show,0
123,1,12,Disney,one_per_day,0
123,1,20,Soccer,one_per_day,0
123,1,12,Soccer,none,1
123,6,18,HBO,one_per_day,0
123,4,10,less content,none,1
123,2,8,Disney,one_per_show,0
123,6,18,Disney,one_per_day,1
123,5,20,Prime originals,one_per_show,0
124,1,20,Marvel,one_per_show,0
124,5,15,Marvel,none,1
124,4,12,HBO,one_per_show,1
124,6,10,Disney,one_per_show,1
124,3,20,Marvel,none,0
124,1,12,Disney,one_per_show,0
124,5,12,Disney,one_per_day,1
124,5,20,HBO,one_per_day,0
126,2,20,Prime originals,one_per_show,0
126,4,18,Marvel,one_per_day,0
126,6,15,Marvel,one_per_day,1
126,2,15,less content,none,1
126,5,8,Disney,one_per_day,1
126,5,15,Marvel,none,0
126,6,15,Prime originals,none,1
126,1,8,Prime originals,one_per_day,0
126,5,15,less content,one_per_day,1
126,4,20,HBO,one_per_show,0
126,6,10,Disney,one_per_day,1
127,1,15,Disney,one_per_show,1
127,2,20,Prime originals,one_per_show,0
127,1,10,Soccer,one_per_day,0
127,1,18,less content,one_per_day,0
127,5,8,HBO,one_per_show,1
127,4,15,less content,none,0
127,3,15,Marvel,one_per_show,1
127,6,20,Soccer,none,1
127,4,18,Prime originals,one_per_show,1
130,6,15,Disney,one_per_day,0
130,5,20,Soccer,none,1
130,3,12,Soccer,one_per_show,1
130,6,8,Soccer,one_per_day,1
130,6,12,Disney,none,0
130,5,20,less content,one_per_show,0
130,1,12,less content,one_per_show,0
130,3,20,Prime originals,one_per_show,0
130,6,12,less content,none,1
130,1,10,Marvel,one_per_show,0
130,4,15,less content,none,1
131,3,8,Prime originals,one_per_show,0
131,5,12,less content,one_per_show,0
131,5,18,Soccer,one_per_day,1
131,6,20,less content,none,0
131,5,10,Marvel,one_per_show,1
131,4,8,HBO,none,0
131,1,8,Disney,one_per_show,1
131,5,15,Disney,none,1
131,2,12,Marvel,one_per_show,0
132,6,8,less content,one_per_show,1
132,1,10,Disney,one_per_day,0
132,6,20,HBO,one_per_show,1
132,4,8,Soccer,one_per_day,0
132,2,15,Disney,none,0
132,6,8,Disney,one_per_day,1
132,4,8,Disney,one_per_show,0
132,1,10,Disney,none,1
132,1,20,less content,none,0
132,6,20,Marvel,none,1
134,2,20,HBO,none,1
134,4,10,HBO,one_per_day,1
134,3,15,Soccer,one_per_day,0
134,3,10,Prime originals,one_per_day,0
134,3,8,Disney,none,1
134,3,10,Soccer,one_per_day,0
134,1,20,HBO,none,0
134,2,8,HBO,one_per_show,1
134,5,12,Disney,none,1
134,1,20,Marvel,one_per_day,0
139,6,10,HBO,one_per_show,0
139,4,10,Prime originals,one_per_day,1
139,2,10,Disney,one_per_day,1
139,1,10,Marvel,none,0
139,1,8,less content,none,0
139,6,12,Marvel,one_per_day,0
139,4,12,less content,one_per_show,0
139,2,20,Marvel,none,1
139,5,15,Marvel,none,0
139,6,10,HBO,one_per_day,1
139,1,18,Prime originals,none,1
139,4,8,Prime originals,none,1
140,5,12,Prime originals,none,1
140,4,8,Disney,one_per_day,1
140,1,12,Soccer,none,0
140,4,12,Soccer,none,1
140,2,8,Prime originals,one_per_show,1
140,2,15,Soccer,one_per_day,1
140,1,8,HBO,one_per_day,0
140,5,12,Soccer,none,0
143,3,20,less content,one_per_day,0
143,4,10,less content,none,1
143,4,18,Prime originals,none,0
143,6,18,Soccer,one_per_day,0
143,3,10,HBO,none,1
143,1,10,Disney,one_per_show,0
143,6,18,Soccer,none,1
143,2,8,Soccer,one_per_day,1
143,5,20,less content,none,0
143,6,15,Soccer,none,0
143,3,8,HBO,one_per_day,1
145,1,15,less content,one_per_day,0
145,4,10,less content,one_per_show,0
145,6,15,Marvel,one_per_show,0
145,4,8,Soccer,none,0
145,2,8,less content,one_per_day,1
145,4,8,Soccer,none,1
145,5,12,HBO,one_per_show,0
150,6,12,Soccer,one_per_day,1
150,4,18,HBO,one_per_day,0
150,3,8,Disney,one_per_show,1
150,1,15,Disney,one_per_show,0
150,5,20,less content,one_per_show,0
150,3,12,HBO,none,1
150,3,8,Soccer,none,1
150,6,12,Prime originals,one_per_show,0
155,1,10,Soccer,one_per_day,0
155,4,12,Marvel,none,0
155,4,18,less content,one_per_day,1
155,2,15,less content,none,0
155,2,15,Marvel,none,1
155,5,15,Disney,one_per_show,1
162,3,12,Disney,none,1
162,6,15,HBO,none,0
162,5,18,HBO,one_per_day,0
162,3,15,Marvel,one_per_show,1
162,5,8,less content,one_per_show,0
162,1,10,less content,none,0
162,5,10,less content,one_per_day,1
162,6,20,Soccer,none,0
164,2,12,less content,one_per_show,0
164,4,8,less content,one_per_day,1
164,1,18,Marvel,none,1
164,5,12,Marvel,one_per_day,1
164,4,10,Disney,one_per_show,1
164,5,15,Soccer,one_per_show,0
164,5,12,Soccer,one_per_show,1
164,1,18,Prime originals,one_per_day,0
164,5,20,Soccer,one_per_show,0
164,3,20,HBO,one_per_day,0
164,5,12,Disney,one_per_show,1
166,3,8,Disney,one_per_show,0
166,3,8,less content,none,1
166,5,15,Soccer,one_per_show,1
166,1,10,Disney,one_per_day,1
166,5,8,Disney,one_per_day,1
166,4,10,Soccer,one_per_day,1
166,5,12,HBO,one_per_show,0
166,5,8,Marvel,one_per_day,1
174,1,12,less content,one_per_day,0
174,6,12,Marvel,one_per_show,1
174,4,10,Prime originals,one_per_day,1
174,5,8,less content,one_per_day,0
174,2,12,Prime originals,none,1
174,5,15,less content,one_per_day,0
174,6,20,less content,none,0
174,2,8,less content,one_per_day,1
174,4,15,HBO,one_per_show,0
174,3,8,Disney,one_per_show,0
174,2,15,Prime originals,one_per_day,1
180,2,18,Soccer,one_per_day,0
180,3,12,Disney,one_per_show,1
180,3,12,less content,one_per_day,1
180,5,20,Soccer,none,0
180,1,18,less content,one_per_show,0
180,6,15,Soccer,one_per_day,0
180,5,15,Marvel,none,1
180,3,15,less content,one_per_show,0
180,3,12,Soccer,one_per_show,1
180,3,15,Disney,one_per_day,1
181,5,18,HBO,one_per_show,1
181,4,20,HBO,none,1
181,3,18,HBO,none,1
181,5,8,less content,one_per_day,1
181,2,15,HBO,one_per_day,1
181,2,15,Prime originals,one_per_show,0
181,1,15,Disney,none,0
181,5,12,HBO,one_per_day,0
181,1,8,Soccer,none,0
181,6,20,less content,one_per_day,0
181,3,18,HBO,one_per_show,0
193,5,15,less content,one_per_show,0
193,4,10,Prime originals,one_per_show,1
193,3,8,Soccer,one_per_show,0
193,2,20,Soccer,none,0
193,3,20,Marvel,none,0
193,6,8,Prime originals,one_per_day,1
193,6,10,Disney,one_per_day,1
193,6,10,less content,one_per_day,1
193,5,15,Prime originals,one_per_day,1
193,2,12,Prime originals,none,1
193,1,20,less content,one_per_show,0
193,4,12,less content,one_per_day,0
194,3,8,Marvel,one_per_day,1
194,2,15,Marvel,one_per_day,1
194,3,20,Soccer,none,1
194,4,8,Soccer,one_per_show,0
194,2,8,less content,none,1
194,6,15,HBO,one_per_show,0
194,6,12,Soccer,none,0
194,1,8,Soccer,one_per_show,1
194,5,20,less content,one_per_show,0
194,3,18,HBO,one_per_show,0
194,4,10,HBO,none,1
195,1,8,Soccer,none,1
195,2,20,less content,one_per_day,1
195,1,12,Disney,one_per_day,1
195,1,15,less content,one_per_show,1
195,1,20,Disney,none,0
195,6,10,HBO,none,0
195,3,15,Prime originals,one_per_day,1
195,4,8,less content,one_per_show,1
197,4,20,Soccer,one_per_day,0
197,2,15,HBO,one_per_day,1
197,2,15,Disney,none,0
197,3,8,HBO,one_per_day,1
197,2,20,Marvel,none,0
197,6,15,HBO,one_per_day,1
197,2,18,HBO,one_per_day,0
197,6,20,Prime originals,one_per_show,1
197,2,12,HBO,one_per_show,0
205,6,15,Prime originals,one_per_show,1
205,4,10,HBO,one_per_day,1
205,6,8,HBO,one_per_show,0
205,6,12,Marvel,none,1
205,5,20,less content,none,0
205,3,18,Marvel,none,0
205,5,18,HBO,one_per_day,1
205,4,10,Disney,none,1
205,5,10,less content,one_per_show,1
205,3,10,Prime originals,none,0
205,5,10,less content,none,0
208,5,18,Soccer,one_per_show,0
208,5,18,Prime originals,one_per_show,1
208,6,18,Marvel,one_per_show,0
208,4,10,Disney,one_per_show,0
208,3,8,Prime originals,one_per_show,0
208,5,8,Soccer,one_per_show,1
208,2,10,Prime originals,one_per_day,0
208,3,15,Marvel,one_per_day,0
208,5,20,Marvel,one_per_show,1
208,1,18,less content,one_per_day,1
208,6,15,Soccer,none,1
210,1,18,HBO,one_per_day,0
210,6,20,Marvel,one_per_day,1
210,5,12,less content,one_per_day,0
210,4,18,HBO,none,0
210,4,8,Marvel,one_per_day,1
210,1,8,Marvel,one_per_show,0
210,5,10,HBO,one_per_day,1
210,3,12,Marvel,none,1
214,3,8,Soccer,one_per_day,0
214,1,8,HBO,none,1
214,5,8,Marvel,one_per_show,1
214,5,12,HBO,none,1
214,3,15,Soccer,one_per_day,0
214,4,18,Disney,one_per_show,1
214,3,10,Marvel,one_per_day,1
214,1,15,less content,none,0
214,5,12,Soccer,one_per_show,0
214,2,18,Prime originals,one_per_day,0
214,2,18,Soccer,one_per_show,1
215,3,15,Disney,one_per_show,0
215,1,10,HBO,one_per_show,1
215,6,15,Prime originals,none,1
215,2,10,Prime originals,one_per_day,0
215,5,8,HBO,one_per_day,1
215,2,18,Soccer,none,1
215,1,12,Marvel,none,0
215,5,20,Disney,none,0
215,1,18,Disney,one_per_day,0
219,1,18,Prime originals,none,1
219,4,20,HBO,one_per_day,0
219,3,20,Marvel,one_per_day,1
219,4,8,Marvel,one_per_day,1
219,2,10,HBO,one_per_day,1
219,1,8,less content,one_per_show,0
219,6,15,Disney,none,0
219,4,20,Disney,one_per_show,0
219,1,10,less content,none,1
219,2,10,less content,none,0
223,5,8,Soccer,none,0
223,6,18,Marvel,none,1
223,6,15,HBO,one_per_show,1
223,2,15,Soccer,one_per_day,0
223,1,20,Prime originals,one_per_show,0
223,5,20,Prime originals,none,0
223,1,18,HBO,none,1
223,4,12,Prime originals,one_per_show,0
223,3,8,Disney,none,1
225,6,18,Disney,one_per_day,1
225,4,20,Disney,one_per_day,1
225,4,12,Soccer,one_per_show,0
225,5,8,less content,one_per_day,0
225,3,15,HBO,one_per_day,0
225,6,12,Prime originals,one_per_show,1
225,4,10,Soccer,one_per_show,1
225,4,20,Marvel,none,0
225,6,18,Marvel,none,1
225,4,20,Soccer,one_per_day,0
228,2,20,HBO,none,0
228,2,10,Soccer,one_per_day,1
228,4,15,Marvel,one_per_day,0
228,3,12,Soccer,none,1
228,4,12,Marvel,one_per_show,0
228,3,8,HBO,none,1
228,5,12,Soccer,one_per_show,0
228,3,15,Disney,one_per_day,1
229,6,20,Disney,one_per_day,1
229,3,10,Prime originals,one_per_day,1
229,3,18,Soccer,one_per_day,0
229,6,8,Prime originals,none,1
229,1,8,HBO,one_per_show,0
229,5,10,Soccer,one_per_day,0
229,4,15,Disney,none,0
229,6,18,Disney,one_per_show,1
229,3,10,HBO,one_per_show,1
230,4,8,HBO,one_per_show,1
230,6,15,Disney,one_per_show,1
230,4,18,Soccer,one_per_day,1
230,1,8,Disney,none,0
230,2,20,less content,none,0
230,3,10,Disney,one_per_day,0
230,2,12,HBO,none,1
230,6,15,HBO,one_per_day,1
230,6,20,Marvel,one_per_day,0
230,2,12,less content,one_per_day,0
232,2,10,HBO,one_per_show,1
232,1,18,Prime originals,none,0
232,1,20,less content,one_per_show,0
232,2,12,Soccer,none,0
232,5,12,less content,one_per_day,1
232,1,12,Soccer,one_per_day,0
232,2,20,Disney,none,0
232,1,20,Soccer,none,1
232,6,12,Disney,none,1
232,5,15,Marvel,none,1
235,1,20,Soccer,one_per_show,0
235,2,12,HBO,one_per_day,0
235,3,15,HBO,one_per_day,0
235,5,18,HBO,one_per_day,0
235,5,8,HBO,one_per_show,0
235,6,10,less content,none,1
235,3,10,Prime originals,one_per_show,1
235,2,12,Marvel,one_per_day,1
235,5,8,Soccer,none,0
235,2,8,Disney,none,1
236,1,20,Soccer,one_per_show,0
236,1,18,HBO,one_per_day,1
236,5,18,HBO,one_per_day,0
236,2,18,Soccer,one_per_day,0
236,6,12,HBO,one_per_show,0
236,6,20,Disney,none,0
236,3,12,Disney,none,1
236,3,15,Marvel,one_per_show,1
236,3,10,Disney,none,1
236,1,20,less content,none,1
236,5,10,Marvel,none,0
236,5,15,HBO,none,1
237,1,15,Soccer,one_per_day,0
237,3,18,Prime originals,one_per_day,0
237,1,8,Prime originals,none,1
237,5,8,Prime originals,none,0
237,2,12,HBO,one_per_show,1
237,6,15,less content,none,1
237,4,8,Disney,one_per_show,1
237,6,8,less content,one_per_show,1
237,4,12,Soccer,none,0
237,1,10,HBO,one_per_day,1
237,1,20,Prime originals,one_per_day,0
237,1,8,Disney,one_per_day,0
238,4,20,Disney,one_per_day,0
238,5,12,HBO,none,0
238,1,10,Marvel,one_per_show,1
238,2,20,less content,one_per_show,0
238,2,8,less content,one_per_day,1
238,2,15,Prime originals,one_per_show,0
238,4,15,HBO,one_per_day,1
238,5,18,Marvel,none,1
238,6,15,Marvel,none,1
238,3,20,HBO,none,0
239,4,8,Soccer,one_per_show,1
239,2,12,HBO,one_per_show,1
239,6,18,Soccer,none,1
239,6,15,Prime originals,none,1
239,4,12,Soccer,one_per_show,0
239,6,15,HBO,none,1
239,5,18,less content,one_per_day,0
239,2,10,Prime originals,one_per_day,0
239,2,10,less content,one_per_show,0
239,6,20,less content,none,0
239,2,8,HBO,one_per_show,1
240,1,15,HBO,none,0
240,6,18,Marvel,one_per_day,1
240,4,15,Prime originals,one_per_day,0
240,4,10,HBO,one_per_show,0
240,1,18,Soccer,none,1
240,2,15,Prime originals,one_per_day,1
240,6,12,Prime originals,none,1
240,5,10,less content,one_per_show,0
240,5,18,HBO,one_per_day,0
240,4,20,Soccer,none,1
241,3,10,Prime originals,one_per_show,0
241,5,10,Marvel,none,1
241,3,18,Prime originals,none,1
241,4,10,Marvel,one_per_show,0
241,2,12,Soccer,one_per_day,0
241,6,18,Marvel,none,1
241,4,10,Prime originals,none,1
241,4,10,Soccer,one_per_day,0
241,5,20,HBO,none,0
241,1,18,Marvel,one_per_show,0
243,6,12,Prime originals,one_per_day,0
243,1,15,less content,one_per_day,0
243,5,20,Marvel,none,0
243,6,18,less content,one_per_day,1
243,1,10,Soccer,one_per_show,0
243,4,20,less content,none,0
243,6,12,HBO,none,1
243,6,10,Prime originals,one_per_show,0
243,5,12,HBO,one_per_show,1
243,6,18,Prime originals,one_per_day,1
247,4,18,HBO,none,0
247,1,15,Disney,one_per_show,1
247,3,20,Soccer,one_per_day,1
247,5,20,Marvel,none,0
247,1,12,HBO,one_per_day,0
247,4,18,HBO,none,0
247,5,20,less content,one_per_show,1
247,6,12,HBO,one_per_show,1
247,5,10,Disney,none,1
247,6,15,less content,one_per_day,1
247,6,18,Disney,none,0
254,3,20,Prime originals,one_per_day,1
254,3,12,HBO,one_per_day,0
254,4,18,less content,none,0
254,6,12,Prime originals,one_per_show,0
254,3,12,Marvel,one_per_day,1
254,6,10,Prime originals,none,0
254,3,20,Soccer,one_per_show,0
254,5,18,HBO,none,1
254,4,12,less content,one_per_show,1
258,1,12,HBO,one_per_show,1
258,5,12,Marvel,none,0
258,2,18,Marvel,one_per_show,1
258,1,15,less content,none,0
258,5,8,Disney,one_per_show,1
258,3,20,Marvel,one_per_day,0
258,6,12,Marvel,none,0
258,4,20,Soccer,none,0
260,6,15,HBO,one_per_show,1
260,4,15,Soccer,none,1
260,1,20,Marvel,none,0
260,3,18,HBO,one_per_day,0
260,6,18,Marvel,one_per_show,1
260,3,10,Soccer,one_per_show,0
260,6,15,less content,one_per_show,1
260,6,18,Marvel,one_per_day,0
260,1,20,Marvel,one_per_day,0
264,1,20,Disney,one_per_day,0
264,6,12,Disney,one_per_day,1
264,2,12,Marvel,none,1
264,6,10,Prime originals,none,1
264,3,18,Disney,none,0
264,6,20,less content,none,1
264,5,20,HBO,one_per_day,0
264,6,15,Prime originals,one_per_show,1
264,4,20,Soccer,one_per_day,0
264,5,15,Prime originals,one_per_day,1
264,3,20,Soccer,one_per_day,0
265,1,20,Marvel,one_per_show,0
265,1,18,HBO,one_per_show,0
265,6,10,Prime originals,one_per_show,0
265,5,10,HBO,none,1
265,2,18,Prime originals,one_per_show,1
265,6,10,Soccer,one_per_day,1
265,4,18,Disney,one_per_show,0
265,6,12,HBO,one_per_day,0
265,3,18,Disney,one_per_day,1
265,1,15,Disney,none,1
265,6,18,Soccer,one_per_day,1
265,4,15,less content,one_per_show,0
269,4,15,Marvel,one_per_day,1
269,6,10,Marvel,one_per_show,1
269,3,10,HBO,none,1
269,1,15,less content,none,0
269,3,18,Prime originals,one_per_show,0
269,6,20,Marvel,one_per_day,0
269,6,15,HBO,none,1
269,4,15,less content,none,0
270,2,15,Disney,one_per_day,1
270,6,18,HBO,none,1
270,2,20,Prime originals,one_per_day,0
270,6,8,Prime originals,one_per_day,1
270,4,18,less content,none,0
270,4,12,Prime originals,one_per_show,0
270,4,10,Prime originals,one_per_day,1
270,2,12,HBO,one_per_day,1
270,6,12,less content,one_per_day,0
270,1,18,less content,one_per_day,0
270,3,10,Disney,one_per_day,0
270,4,12,less content,none,1
275,2,12,Marvel,none,0
275,5,10,Prime originals,one_per_show,0
275,4,8,Marvel,one_per_day,1
275,4,20,HBO,none,1
275,5,18,Prime originals,none,1
275,3,8,HBO,one_per_day,1
275,2,18,Soccer,none,0
275,4,20,less content,one_per_show,0
275,3,8,less content,one_per_show,0
275,1,10,Marvel,none,1
275,5,18,HBO,none,1
275,2,18,Marvel,none,0
277,3,18,Soccer,one_per_show,1
277,4,10,HBO,one_per_show,0
277,1,10,HBO,one_per_day,0
277,5,18,HBO,one_per_show,1
277,2,8,Prime originals,none,0
277,6,20,Marvel,one_per_day,0
277,5,15,Disney,none,1
277,1,10,less content,one_per_show,1
277,1,10,Marvel,one_per_show,1
277,5,20,less content,one_per_day,0
277,3,10,Prime originals,one_per_show,1
279,5,15,less content,one_per_day,1
279,4,10,Prime originals,one_per_day,1
279,5,20,Soccer,one_per_day,0
279,6,8,Marvel,one_per_day,1
279,5,18,less content,none,0
279,6,10,Disney,none,1
279,1,15,less content,one_per_show,0
279,3,12,Prime originals,one_per_day,0
279,4,8,Soccer,one_per_show,1
279,4,20,Soccer,one_per_show,0
281,4,12,Soccer,one_per_day,1
281,2,18,Prime originals,none,1
281,1,10,Disney,one_per_show,1
281,3,10,Marvel,none,1
281,2,12,Marvel,one_per_show,0
281,3,20,Marvel,one_per_show,0
281,1,12,less content,none,1
281,4,20,HBO,none,1
281,6,20,Disney,none,0
281,1,15,Marvel,one_per_day,0
281,2,20,Soccer,one_per_day,0
283,5,18,Soccer,one_per_show,1
283,4,8,Soccer,one_per_day,0
283,5,20,Disney,one_per_show,1
283,5,20,HBO,one_per_show,1
283,5,8,Soccer,none,0
283,2,20,less content,none,1
283,3,8,Soccer,one_per_show,0
283,1,15,Prime originals,none,0
283,3,8,Disney,none,0
283,6,18,HBO,one_per_day,1
283,2,12,Soccer,one_per_day,0
285,6,20,Marvel,one_per_day,0
285,6,10,HBO,one_per_day,1
285,1,15,Soccer,one_per_day,0
285,1,15,Marvel,none,1
285,2,10,Soccer,one_per_day,0
285,3,15,Disney,one_per_day,0
285,5,8,Marvel,none,1
285,3,15,less content,one_per_show,0
285,3,15,Disney,one_per_show,0
285,4,8,Soccer,one_per_day,1
290,6,10,Disney,one_per_show,0
290,2,15,Soccer,one_per_day,1
290,4,12,Soccer,one_per_day,0
290,6,15,Marvel,one_per_show,1
290,2,18,Disney,none,1
290,2,12,less content,one_per_day,0
290,5,15,Soccer,one_per_show,0
290,6,18,Marvel,none,1
290,3,20,Prime originals,one_per_show,1
293,6,15,HBO,one_per_show,0
293,5,10,Disney,one_per_show,0
293,6,12,Disney,one_per_show,1
293,4,8,Marvel,one_per_show,0
293,1,15,Disney,none,0
293,1,12,Marvel,one_per_show,0
295,6,10,Prime originals,none,1
295,6,10,HBO,one_per_day,1
295,6,15,HBO,one_per_show,1
295,1,10,Disney,one_per_show,0
295,4,8,Marvel,one_per_day,0
295,1,12,Soccer,none,0
295,3,12,Soccer,none,1
295,1,18,HBO,one_per_show,0
295,3,8,Soccer,one_per_day,0
295,5,8,HBO,one_per_show,0
295,3,12,Marvel,one_per_day,1
296,6,20,less content,one_per_day,0
296,6,18,HBO,one_per_show,0
296,3,15,Soccer,none,1
296,3,18,Disney,none,0
296,1,18,Prime originals,none,0
296,5,8,Soccer,none,1
296,6,15,less content,none,1
296,3,18,Disney,none,0
296,6,20,Soccer,none,1
297,5,15,less content,none,0
297,2,20,less content,one_per_show,0
297,6,20,Marvel,none,0
297,4,18,less content,none,0
297,4,12,less content,one_per_day,0
297,1,12,Prime originals,one_per_day,1
297,4,20,Prime originals,one_per_day,1
297,3,12,HBO,one_per_show,1
297,1,15,Prime originals,none,1
297,1,8,Marvel,one_per_show,1
307,1,20,Disney,one_per_day,0
307,4,8,Marvel,none,0
307,2,18,Soccer,one_per_day,1
307,6,18,Soccer,one_per_day,0
307,5,15,Prime originals,one_per_day,1
309,2,8,less content,one_per_day,1
309,5,18,Marvel,one_per_day,0
309,6,18,less content,one_per_show,1
309,1,20,Soccer,one_per_day,0
309,3,12,HBO,one_per_show,0
309,2,15,Prime originals,one_per_show,1
309,6,15,Soccer,none,1
309,6,12,HBO,one_per_day,0
309,1,8,HBO,one_per_day,1
309,1,12,Marvel,none,1
309,1,12,HBO,none,0
309,5,12,HBO,one_per_show,0
318,5,20,Prime originals,one_per_show,0
318,3,18,HBO,none,1
318,6,10,Disney,one_per_show,0
318,5,12,HBO,one_per_day,0
318,2,15,Marvel,one_per_show,0
318,3,18,Soccer,one_per_show,0
318,6,12,Marvel,one_per_day,1
318,1,10,Soccer,one_per_show,1
318,2,12,Soccer,none,1
318,6,12,Soccer,one_per_show,0
318,6,15,Marvel,one_per_show,1
319,1,18,Marvel,one_per_show,0
319,3,20,Soccer,none,0
319,3,10,HBO,one_per_day,1
319,3,18,Soccer,none,1
319,4,10,Marvel,one_per_show,0
319,4,20,Marvel,none,1
319,5,18,less content,none,1
319,3,8,Prime originals,one_per_day,1
319,3,10,Prime originals,one_per_show,0
319,6,18,less content,one_per_day,1
322,1,12,Soccer,one_per_show,0
322,2,20,Disney,one_per_day,1
322,1,18,Prime originals,one_per_show,0
322,6,18,Soccer,one_per_show,0
322,4,15,Marvel,one_per_day,0
322,5,18,HBO,one_per_show,1
322,5,20,Disney,one_per_show,1
322,2,18,HBO,one_per_day,0
325,6,10,less content,one_per_show,0
325,6,18,Soccer,one_per_day,1
325,1,18,less content,none,0
325,6,18,Disney,none,1
325,3,12,HBO,one_per_day,1
325,3,12,Soccer,none,0
330,3,18,Disney,none,1
330,6,18,HBO,one_per_day,1
330,5,12,HBO,one_per_day,1
330,6,20,Prime originals,one_per_day,0
330,6,15,Marvel,none,0
330,5,15,less content,none,0
330,2,20,Prime originals,one_per_day,0
330,3,8,Marvel,none,0
334,6,15,HBO,one_per_day,0
334,2,8,Disney,none,1
334,1,18,Prime originals,one_per_day,0
334,4,12,Marvel,none,1
334,4,12,Marvel,one_per_show,1
334,1,12,Prime originals,one_per_show,0
334,4,18,HBO,one_per_show,1
334,3,20,HBO,none,0
334,6,18,HBO,one_per_day,0
334,3,10,Prime originals,none,1
334,2,10,Prime originals,none,1
334,1,12,HBO,one_per_day,0
338,4,18,HBO,one_per_day,0
338,1,10,Soccer,none,0
338,2,12,less content,one_per_show,0
338,6,8,less content,one_per_show,1
338,5,12,Marvel,one_per_show,1
338,2,18,Prime originals,none,0
338,2,12,less content,one_per_show,0
338,5,15,HBO,one_per_day,1
338,4,20,Soccer,none,0
338,6,8,Prime originals,one_per_day,1
338,4,8,Marvel,none,1
339,5,8,Prime originals,one_per_day,1
339,3,20,Marvel,one_per_show,0
339,2,12,less content,one_per_day,0
339,3,10,HBO,one_per_day,0
339,2,10,HBO,none,0
339,5,15,Prime originals,none,0
339,1,10,less content,one_per_show,0
339,6,8,Prime originals,one_per_show,1
339,5,10,Disney,none,1
339,2,12,Soccer,one_per_show,1
339,4,10,HBO,one_per_show,1
340,1,10,HBO,none,1
340,2,18,Prime originals,one_per_day,1
340,6,18,Soccer,one_per_show,0
340,3,8,Marvel,none,1
340,1,8,Prime originals,one_per_day,0
340,5,15,HBO,none,1
340,3,18,Marvel,none,1
340,1,10,Disney,one_per_day,1
340,6,20,Soccer,one_per_show,0
340,3,10,Marvel,one_per_show,0
341,6,20,Soccer,one_per_day,0
341,3,8,Prime originals,none,1
341,5,10,Marvel,one_per_show,1
341,2,20,Marvel,one_per_show,0
341,3,10,Marvel,one_per_show,1
341,6,8,Soccer,one_per_day,1
341,2,10,Disney,none,0
341,1,20,HBO,one_per_show,0
341,6,8,Disney,one_per_day,1
345,6,12,Soccer,one_per_show,1
345,5,20,Marvel,one_per_show,1
345,2,18,Disney,one_per_show,0
345,6,18,Marvel,one_per_show,0
345,2,18,Soccer,one_per_show,0
345,5,8,Marvel,one_per_day,1
345,6,8,Disney,one_per_show,0
345,4,18,Disney,one_per_show,0
345,1,20,less content,one_per_show,1
345,1,12,Prime originals,one_per_show,1
345,5,10,Disney,none,1
347,6,18,Marvel,one_per_day,1
347,2,8,less content,one_per_day,1
347,4,18,Prime originals,none,1
347,1,12,less content,one_per_day,0
347,1,12,Soccer,none,0
347,3,18,Soccer,one_per_day,0
347,4,18,Marvel,one_per_show,0
347,3,12,Marvel,one_per_show,1
347,6,12,HBO,one_per_show,1
360,4,12,HBO,one_per_show,1
360,2,12,Prime originals,one_per_day,1
360,1,15,Soccer,one_per_show,1
360,4,8,Prime originals,one_per_show,0
360,4,15,HBO,one_per_show,0
360,5,15,Disney,one_per_show,0
360,5,20,Soccer,one_per_day,0
360,5,10,HBO,none,1
360,3,15,Soccer,one_per_day,0
360,4,10,less content,one_per_day,0
360,4,10,Marvel,none,1
364,4,8,Disney,one_per_day,1
364,6,8,Marvel,one_per_day,1
364,6,18,Disney,one_per_show,0
364,4,20,Marvel,one_per_show,0
364,2,8,HBO,one_per_show,1
364,2,15,less content,none,1
364,2,20,less content,one_per_day,0
366,2,8,Disney,one_per_show,1
366,4,8,less content,none,1
366,2,18,Soccer,none,0
366,4,8,HBO,one_per_show,1
366,5,15,Soccer,one_per_show,0
366,5,10,less content,one_per_show,0
366,2,20,Prime originals,one_per_show,0
366,5,15,less content,one_per_day,1
366,4,12,Soccer,one_per_show,0
366,1,20,Soccer,none,1
366,5,20,Disney,none,1
366,2,10,Prime originals,one_per_day,0
368,4,10,Soccer,none,0
368,6,10,Marvel,none,0
368,5,12,Soccer,none,1
368,6,18,HBO,one_per_show,0
368,2,10,less content,one_per_show,0
368,2,8,HBO,one_per_day,1
370,6,8,less content,one_per_day,1
370,2,10,Soccer,none,0
370,6,18,Soccer,one_per_show,0
370,1,10,Prime originals,one_per_show,0
370,2,12,Disney,one_per_day,1
370,3,12,Marvel,none,0
370,6,18,Soccer,one_per_show,0
370,1,8,less content,one_per_day,1
370,2,8,HBO,one_per_show,1
373,3,15,Disney,one_per_show,0
373,4,15,HBO,one_per_day,0
373,2,10,Prime originals,none,1
373,1,15,Soccer,one_per_show,0
373,3,20,Prime originals,none,0
373,3,8,Disney,one_per_day,0
373,3,12,HBO,one_per_show,1
373,3,20,Disney,one_per_show,0
373,6,8,Prime originals,one_per_show,1
377,3,12,Disney,one_per_day,1
377,4,12,HBO,one_per_show,1
377,2,15,Disney,none,1
377,2,15,HBO,none,1
377,2,12,Soccer,none,0
377,1,20,less content,one_per_show,0
377,4,10,Marvel,one_per_show,1
377,3,15,Prime originals,one_per_day,1
377,4,15,Marvel,one_per_show,0
377,1,20,Soccer,none,0
377,5,18,Prime originals,one_per_day,0
377,3,12,less content,one_per_day,0
379,6,12,Marvel,one_per_show,1
379,4,12,Soccer,none,1
379,5,15,Marvel,none,1
379,6,10,Soccer,one_per_show,0
379,5,12,HBO,one_per_show,0
379,2,12,Prime originals,one_per_day,1
379,2,18,less content,one_per_show,0
379,4,20,Prime originals,one_per_day,1
379,2,20,Disney,one_per_show,0
379,4,12,less content,one_per_show,1
380,2,12,Marvel,one_per_day,1
380,6,10,less content,one_per_show,0
380,6,10,Disney,one_per_day,1
380,2,18,Disney,one_per_show,1
380,1,8,Disney,one_per_day,1
380,1,18,less content,none,0
380,4,12,Soccer,none,0
380,4,8,Disney,one_per_show,1
381,1,8,Soccer,one_per_day,0
381,6,10,HBO,one_per_show,1
381,3,12,Marvel,one_per_show,1
381,1,15,Marvel,none,0
381,4,18,Marvel,one_per_show,0
381,6,15,Soccer,one_per_day,1
381,5,8,less content,one_per_day,1
381,3,18,HBO,none,1
381,3,15,Prime originals,one_per_day,0
381,3,8,Marvel,none,0
382,1,8,Disney,one_per_day,0
382,3,10,Disney,none,1
382,3,20,Disney,none,0
382,1,8,HBO,none,0
382,6,20,HBO,one_per_show,1
382,2,15,less content,none,0
382,1,10,Prime originals,one_per_show,1
382,3,8,Prime originals,none,1
382,1,15,Prime originals,one_per_day,1
382,3,12,Soccer,one_per_day,0
383,2,12,Disney,none,0
383,3,20,less content,one_per_show,0
383,1,10,HBO,one_per_day,1
383,1,15,Prime originals,none,1
383,6,10,less content,one_per_day,0
383,5,18,Soccer,none,1
383,2,8,HBO,none,0
383,5,12,less content,one_per_day,0
383,5,8,Prime originals,one_per_day,1
383,4,20,less content,one_per_day,1
385,5,20,Disney,one_per_day,0
385,2,15,less content,none,0
385,4,12,Marvel,one_per_day,0
385,5,12,Disney,one_per_day,1
385,4,10,HBO,one_per_show,1
385,4,18,HBO,one_per_day,1
385,1,12,Prime originals,none,0
387,4,18,Disney,one_per_show,0
387,1,18,Soccer,none,1
387,5,15,Prime originals,one_per_show,1
387,2,12,HBO,none,0
387,5,20,Prime originals,none,0
387,6,15,HBO,one_per_day,0
387,4,18,Prime originals,one_per_day,1
387,4,8,Disney,one_per_day,1
387,1,18,Disney,one_per_day,0
387,6,12,HBO,one_per_day,1
387,1,12,less content,none,1
390,5,10,Prime originals,one_per_day,1
390,4,15,Soccer,one_per_day,0
390,4,8,HBO,one_per_day,1
390,4,18,Soccer,one_per_show,0
390,6,8,less content,one_per_day,1
390,6,15,HBO,one_per_show,1
390,6,18,Prime originals,one_per_day,0
390,3,8,Prime originals,none,1
390,2,8,Soccer,none,0
390,6,12,Soccer,none,1
390,3,8,Marvel,none,0
390,6,18,Marvel,one_per_show,0
395,6,10,HBO,one_per_show,1
395,2,12,Disney,one_per_show,0
395,4,8,Prime originals,none,1
395,3,20,Marvel,none,1
395,1,20,Prime originals,none,0
395,2,18,HBO,none,1
395,1,12,HBO,none,0
395,4,8,Prime originals,one_per_show,1
397,1,18,HBO,none,0
397,2,8,Marvel,none,1
397,2,10,Soccer,one_per_day,0
397,5,12,less content,one_per_show,1
397,3,10,HBO,one_per_show,0
397,3,20,Soccer,one_per_show,0
397,2,10,less content,none,1
397,3,20,Marvel,none,0
397,3,18,Disney,none,1
398,2,20,Marvel,one_per_day,0
398,5,18,Prime originals,one_per_show,1
398,3,12,Soccer,one_per_show,0
398,2,8,Prime originals,none,0
398,3,8,Prime originals,one_per_day,1
398,1,8,Soccer,none,1
398,5,15,Marvel,one_per_show,0
398,4,10,Soccer,none,1
398,5,20,less content,one_per_day,0
401,4,10,less content,none,0
401,2,8,Marvel,none,1
401,3,8,Marvel,none,1
401,4,18,Prime originals,one_per_day,1
401,2,20,Soccer,one_per_show,0
401,4,18,HBO,one_per_show,0
401,5,8,Disney,one_per_day,0
401,5,18,HBO,one_per_show,1
401,3,10,Soccer,one_per_show,0
402,4,12,Marvel,none,1
402,1,8,Marvel,one_per_day,1
402,5,10,Disney,one_per_day,0
402,6,10,HBO,none,1
402,4,15,HBO,none,0
402,6,15,less content,one_per_day,0
402,5,8,Disney,one_per_day,1
410,5,10,less content,one_per_show,1
410,6,10,Soccer,none,1
410,6,18,Marvel,one_per_day,1
410,1,10,Marvel,none,0
410,4,12,less content,one_per_day,0
410,6,10,less content,one_per_show,0
410,4,18,HBO,none,1
410,6,12,HBO,none,1
410,2,10,HBO,one_per_show,0
410,1,10,Marvel,none,0
412,5,15,HBO,one_per_day,0
412,5,10,less content,one_per_day,1
412,2,12,Marvel,one_per_day,1
412,4,18,Prime originals,one_per_day,1
412,2,8,Marvel,one_per_day,1
412,1,18,Marvel,one_per_day,0
412,4,15,Disney,one_per_day,0
412,5,8,less content,one_per_day,0
412,5,12,HBO,one_per_show,1
415,3,20,Disney,one_per_show,0
415,3,18,less content,one_per_show,0
415,6,20,Marvel,none,1
415,6,10,less content,none,0
415,1,12,Prime originals,one_per_day,1
415,5,8,Soccer,none,0
415,5,15,Prime originals,none,1
415,4,15,Soccer,one_per_day,0
415,5,15,Marvel,one_per_show,1
415,4,15,Prime originals,one_per_show,0
415,1,18,less content,one_per_show,1
415,4,18,Prime originals,one_per_show,1
417,2,12,Disney,one_per_show,0
417,1,20,Prime originals,one_per_day,1
417,1,20,less content,none,1
417,1,8,less content,none,0
417,2,8,Disney,none,1
417,3,18,Marvel,none,1
417,6,8,less content,one_per_day,0
421,1,15,less content,none,0
421,2,10,Disney,none,1
421,5,10,less content,one_per_day,1
421,6,15,Prime originals,none,1
421,6,18,HBO,one_per_show,0
421,6,10,Prime originals,none,1
421,6,18,HBO,none,0
421,1,15,less content,one_per_show,0
421,6,20,less content,none,0
421,6,18,Disney,none,1
423,3,10,HBO,one_per_day,0
423,4,12,Prime originals,one_per_show,1
423,3,10,Soccer,one_per_show,0
423,5,8,less content,none,0
423,2,15,less content,none,1
423,1,20,Marvel,one_per_day,1
423,3,10,Marvel,one_per_show,0
423,6,12,Marvel,one_per_day,1
423,6,10,Prime originals,one_per_show,1
428,1,20,Marvel,one_per_day,0
428,6,10,Soccer,one_per_day,1
428,6,12,Disney,none,1
428,6,15,Disney,one_per_day,1
428,4,12,Marvel,one_per_day,1
428,1,20,Prime originals,one_per_show,0
428,1,12,less content,one_per_day,1
428,6,15,Soccer,one_per_day,0
428,1,18,Disney,one_per_day,0
431,4,18,Disney,one_per_day,1
431,5,10,Marvel,one_per_day,1
431,1,15,less content,one_per_day,0
431,1,12,less content,none,0
431,1,12,Disney,none,0
431,4,10,Soccer,none,1
431,5,18,Disney,none,1
431,1,18,Disney,one_per_show,0
431,4,20,Marvel,one_per_show,0
431,6,8,Prime originals,one_per_show,1
431,2,20,Prime originals,one_per_day,0
433,4,8,Prime originals,one_per_show,0
433,3,20,HBO,none,1
433,3,10,HBO,one_per_day,1
433,4,8,Prime originals,none,0
433,1,20,Prime originals,none,1
433,3,12,Soccer,one_per_day,1
433,4,12,less content,none,0
433,6,8,less content,one_per_show,0
433,2,20,less content,one_per_day,1
433,1,8,Disney,none,0
433,5,18,less content,one_per_day,0
434,3,8,less content,one_per_show,0
434,6,20,HBO,one_per_day,1
434,2,8,Marvel,one_per_show,1
434,5,15,Marvel,one_per_show,0
434,3,12,Soccer,none,1
434,4,20,Prime originals,one_per_day,0
434,5,18,Soccer,none,0
434,6,12,Soccer,one_per_show,1
434,5,10,Marvel,none,0
434,2,15,less content,one_per_show,1
435,6,12,Prime originals,one_per_show,1
435,6,12,Prime originals,one_per_show,1
435,6,12,Soccer,none,0
435,5,15,Prime originals,none,1
435,3,8,Soccer,none,1
435,2,20,Prime originals,none,0
435,2,10,Disney,none,0
435,1,12,HBO,one_per_day,0
435,4,20,less content,one_per_day,1
436,6,15,HBO,one_per_show,0
436,2,18,Prime originals,none,0
436,4,15,Soccer,one_per_show,1
436,3,10,Soccer,one_per_day,0
436,5,15,Disney,one_per_show,0
436,6,10,Marvel,one_per_day,1
436,4,8,Marvel,one_per_show,1
436,4,10,Marvel,none,1
436,6,8,Disney,one_per_show,0
437,1,8,Marvel,one_per_day,0
437,3,20,Prime originals,none,0
437,2,15,HBO,one_per_day,1
437,1,15,Disney,none,0
437,6,10,Marvel,none,1
437,2,10,less content,none,1
437,5,10,less content,one_per_day,1
437,6,15,Prime originals,one_per_day,0
437,2,8,Prime originals,none,1
437,3,10,Soccer,none,0
441,1,12,Marvel,one_per_day,0
441,3,15,Disney,one_per_day,1
441,1,20,Disney,none,1
441,2,18,Prime originals,none,1
441,4,20,Marvel,one_per_day,1
441,2,20,HBO,one_per_day,1
441,1,10,Disney,one_per_day,0
441,5,18,Soccer,one_per_show,0
441,5,18,Disney,none,0
441,3,12,Prime originals,none,1
442,5,20,Prime originals,one_per_show,0
442,3,15,Prime originals,none,0
442,2,15,less content,one_per_show,1
442,6,12,Soccer,one_per_show,0
442,5,20,Disney,one_per_day,1
442,2,15,Disney,none,1
442,3,20,HBO,one_per_show,0
442,1,18,Disney,one_per_day,1
442,2,10,Marvel,one_per_show,0
442,1,12,Disney,one_per_day,1
442,6,12,HBO,none,1
444,6,8,Marvel,one_per_show,1
444,3,20,Prime originals,one_per_show,0
444,1,18,Disney,none,0
444,5,15,HBO,one_per_day,1
444,6,10,less content,none,1
444,4,12,Prime originals,none,1
444,2,18,Marvel,one_per_show,0
444,4,18,Soccer,none,0
444,4,20,HBO,one_per_day,0
444,6,10,less content,none,1
445,2,20,Prime originals,none,1
445,2,8,Prime originals,one_per_day,1
445,2,18,Prime originals,one_per_show,0
445,6,10,Disney,none,1
445,4,12,less content,one_per_show,0
445,6,15,Disney,one_per_show,0
445,5,12,HBO,one_per_day,1
445,3,8,less content,none,0
445,4,20,Prime originals,one_per_show,0
445,5,18,HBO,none,1
445,1,12,Soccer,one_per_day,1
446,6,12,HBO,one_per_show,1
446,1,8,less content,one_per_show,0
446,4,18,less content,none,1
446,4,20,Prime originals,none,1
446,6,10,HBO,one_per_day,1
446,6,12,Prime originals,one_per_show,0
446,2,10,Prime originals,none,0
446,1,20,less content,none,0
446,5,18,less content,none,1
446,1,10,Marvel,one_per_show,0
446,6,15,less content,none,1
448,1,20,less content,none,0
448,3,20,Marvel,one_per_show,1
448,3,10,HBO,one_per_day,1
448,3,8,Prime originals,one_per_day,0
448,5,18,Prime originals,one_per_show,0
448,3,10,Prime originals,one_per_show,1
448,3,10,Marvel,one_per_day,1
448,6,20,Soccer,one_per_day,0
448,5,10,Marvel,none,1
450,6,10,Soccer,one_per_day,0
450,4,8,HBO,none,1
450,1,20,Marvel,one_per_day,0
450,1,15,Soccer,one_per_day,0
450,3,15,Marvel,one_per_show,1
450,6,15,Marvel,one_per_show,1
450,4,20,HBO,one_per_day,0
450,5,10,HBO,one_per_day,0
450,6,10,HBO,none,1
450,2,10,HBO,one_per_day,1
450,2,12,Marvel,one_per_show,0
450,5,18,HBO,one_per_day,1
453,5,20,Disney,one_per_show,0
453,5,8,less content,one_per_day,1
453,6,18,Marvel,one_per_day,0
453,2,8,less content,none,0
453,3,15,Prime originals,one_per_day,1
453,3,10,Disney,one_per_show,1
453,4,8,Disney,one_per_day,1
454,6,20,Disney,one_per_show,1
454,6,18,Marvel,one_per_day,0
454,3,20,Prime originals,one_per_show,1
454,5,18,Prime originals,none,0
454,4,12,Soccer,one_per_show,1
454,6,20,HBO,one_per_show,0
454,6,20,Soccer,one_per_show,0
454,1,8,Marvel,one_per_day,0
454,1,8,Disney,none,0
454,3,15,HBO,none,1
454,2,12,Soccer,one_per_day,1
461,6,8,Disney,one_per_show,0
461,5,12,Prime originals,one_per_show,1
461,1,15,less content,none,0
461,2,8,Disney,none,0
461,6,15,Disney,one_per_day,1
461,6,20,HBO,one_per_show,0
461,3,20,Marvel,one_per_day,0
461,5,12,less content,one_per_show,1
461,5,20,Prime originals,one_per_show,1
462,3,10,Soccer,none,1
462,3,20,Prime originals,one_per_day,1
462,4,18,Prime originals,none,1
462,5,12,less content,none,0
462,6,10,Marvel,none,1
462,5,18,less content,one_per_day,0
462,4,15,less content,one_per_day,1
462,5,8,Disney,one_per_day,0
463,4,12,HBO,none,0
463,1,10,Disney,one_per_show,1
463,6,20,HBO,one_per_show,0
463,4,12,less content,one_per_day,0
463,2,10,HBO,one_per_show,0
463,3,15,Soccer,none,0
463,1,8,Marvel,none,1
463,3,12,Soccer,one_per_show,1
463,6,18,Prime originals,one_per_show,1
467,2,20,HBO,none,1
467,2,8,Soccer,one_per_show,1
467,3,8,HBO,none,1
467,3,15,Soccer,none,0
467,1,8,HBO,one_per_show,0
467,3,20,HBO,none,1
467,4,15,Marvel,one_per_day,0
467,5,8,HBO,one_per_day,1
467,4,18,Prime originals,none,1
467,5,8,Marvel,none,0
467,6,8,less content,none,0
469,5,18,Disney,one_per_day,1
469,5,15,Soccer,one_per_day,0
469,2,10,HBO,none,0
469,3,12,Disney,one_per_day,1
469,2,12,HBO,one_per_day,1
469,2,15,HBO,one_per_show,0
469,6,15,Disney,one_per_day,1
469,4,15,Soccer,one_per_show,0
469,3,15,Marvel,one_per_show,1
470,2,18,Marvel,none,0
470,2,20,Prime originals,none,0
470,5,15,less content,one_per_show,1
470,2,8,Prime originals,one_per_show,1
470,2,12,HBO,one_per_show,0
470,1,15,Prime originals,none,0
470,4,12,Disney,one_per_show,0
470,3,18,Marvel,none,1
470,6,8,Marvel,one_per_day,1
470,2,18,HBO,one_per_day,1
471,3,10,Disney,none,1
471,4,8,Marvel,none,1
471,5,12,Marvel,none,1
471,5,8,Disney,one_per_show,1
471,5,15,Prime originals,none,0
471,4,15,Prime originals,one_per_day,0
471,5,15,HBO,one_per_show,0
471,2,20,less content,one_per_show,0
471,3,20,Disney,one_per_day,1
471,6,15,Prime originals,one_per_day,1
471,6,20,Disney,one_per_show,0
472,4,15,less content,one_per_day,0
472,6,8,Marvel,one_per_show,0
472,4,15,Soccer,none,1
472,2,15,Disney,one_per_show,1
472,2,15,Disney,none,1
472,5,20,Disney,one_per_show,0
472,4,15,less content,one_per_day,0
472,1,20,Disney,one_per_show,1
472,1,8,Soccer,one_per_day,1
472,3,10,Prime originals,none,0
473,5,8,Soccer,one_per_day,0
473,2,12,HBO,one_per_show,1
473,4,15,HBO,one_per_day,0
473,5,15,Prime originals,one_per_show,0
473,5,10,Disney,none,1
473,4,12,Soccer,one_per_show,0
473,3,10,Prime originals,one_per_show,0
473,6,8,Prime originals,one_per_show,1
473,1,18,less content,one_per_show,1
473,4,12,Marvel,none,1
474,1,15,Marvel,one_per_show,0
474,5,12,Prime originals,one_per_day,0
474,2,8,HBO,one_per_show,0
474,5,15,Prime originals,one_per_day,0
474,4,18,Marvel,none,1
474,6,8,less content,one_per_day,0
474,2,12,Marvel,one_per_day,1
474,5,10,Prime originals,one_per_show,1
474,4,10,Marvel,one_per_day,1
474,5,12,Soccer,one_per_show,1
484,3,10,Disney,one_per_day,0
484,3,20,Soccer,none,0
484,4,18,HBO,one_per_show,1
484,6,10,Prime originals,one_per_show,1
484,5,10,Marvel,one_per_day,0
484,2,12,Soccer,one_per_show,0
484,2,20,Disney,one_per_show,1
484,5,10,HBO,none,0
484,2,15,Prime originals,one_per_show,0
485,5,10,less content,one_per_day,0
485,3,8,Soccer,none,1
485,1,20,Prime originals,one_per_day,0
485,4,10,Disney,none,1
485,6,12,Prime originals,none,1
485,4,18,less content,none,1
485,3,20,Marvel,one_per_show,0
485,3,15,Soccer,one_per_day,1
485,1,18,Disney,one_per_day,0
485,1,12,less content,one_per_show,0
485,6,12,less content,one_per_day,1
488,6,18,Marvel,one_per_day,0
488,3,15,less content,one_per_day,1
488,1,12,Marvel,one_per_day,0
488,1,12,Soccer,one_per_day,1
488,3,10,Marvel,one_per_show,0
488,1,8,Marvel,none,1
488,5,12,less content,one_per_day,1
488,6,8,Soccer,none,1
490,4,15,Prime originals,none,1
490,1,18,Disney,one_per_day,1
490,3,18,Soccer,none,0
490,6,10,Disney,none,0
490,1,18,Soccer,none,1
490,6,8,HBO,none,1
490,3,18,Soccer,one_per_show,0
490,3,18,Soccer,none,0
494,4,18,HBO,none,0
494,5,20,Marvel,one_per_day,1
494,2,10,less content,one_per_show,0
494,4,20,less content,one_per_show,0
494,4,8,Prime originals,one_per_day,1
494,4,8,HBO,one_per_day,1
494,5,8,HBO,one_per_day,1
494,1,10,Soccer,one_per_day,0
494,6,20,Prime originals,one_per_show,1
497,4,15,Marvel,one_per_day,0
497,6,12,Marvel,none,1
497,4,12,Soccer,none,1
497,3,8,Marvel,one_per_day,1
497,2,12,Marvel,none,0
497,1,10,Disney,one_per_show,0
497,1,8,Prime originals,one_per_day,0
497,2,8,Soccer,one_per_day,1
497,3,12,Soccer,one_per_day,0
497,6,20,Soccer,none,0
499,4,12,Marvel,none,1
499,5,20,Marvel,one_per_show,1
499,1,8,Prime originals,one_per_show,1
499,6,8,HBO,none,1
499,4,15,Marvel,one_per_show,0
499,3,10,Disney,one_per_day,1
499,1,18,Soccer,one_per_show,1
499,4,12,less content,one_per_show,0
499,1,12,Prime originals,one_per_day,0
504,4,15,Disney,none,0
504,1,20,HBO,one_per_show,0
504,5,8,less content,one_per_day,0
504,4,10,Soccer,one_per_day,1
504,1,8,Soccer,none,0
504,1,10,Disney,none,1
504,5,10,Disney,none,1
504,2,18,HBO,none,0
504,2,12,Disney,one_per_day,1
506,1,12,Prime originals,none,0
506,6,8,Soccer,none,1
506,6,20,Marvel,one_per_day,1
506,2,18,Marvel,none,0
506,2,20,Disney,one_per_day,0
506,6,8,Disney,none,1
506,5,8,HBO,one_per_show,0
506,1,12,Soccer,one_per_show,1
506,2,12,less content,none,1
506,3,12,Marvel,none,0
506,6,12,Soccer,one_per_day,1
507,3,18,Prime originals,none,1
507,1,20,Marvel,none,0
507,6,8,less content,none,0
507,6,15,HBO,none,1
507,2,18,Disney,none,0
507,3,10,Soccer,none,1
507,6,12,Prime originals,none,1
507,4,15,Disney,one_per_show,0
509,4,18,less content,none,0
509,5,12,HBO,none,1
509,2,18,Soccer,one_per_day,0
509,4,18,HBO,one_per_day,0
509,6,15,Soccer,none,1
509,6,10,HBO,one_per_show,1
509,6,18,less content,one_per_show,0
509,5,15,HBO,none,1
509,3,10,Disney,none,0
509,6,10,HBO,one_per_show,0
509,6,8,Disney,one_per_show,1
514,4,12,Prime originals,one_per_day,0
514,2,10,HBO,one_per_day,1
514,4,12,Disney,one_per_show,1
514,5,15,Soccer,one_per_day,0
514,6,20,Prime originals,one_per_show,0
514,1,8,Marvel,one_per_day,0
514,5,10,Prime originals,none,1
514,4,8,HBO,none,0
514,2,8,Disney,one_per_day,1
516,2,18,Disney,none,1
516,2,20,Soccer,one_per_show,1
516,4,10,Marvel,one_per_show,1
516,6,12,Marvel,one_per_day,0
516,3,15,Marvel,one_per_show,0
516,6,18,less content,none,0
516,5,8,less content,none,1
516,5,20,Disney,none,1
516,1,20,Prime originals,one_per_show,0
516,3,12,HBO,none,1
517,6,20,less content,one_per_show,0
517,6,8,Marvel,one_per_show,0
517,1,20,less content,one_per_day,0
517,2,18,HBO,none,1
517,2,20,Prime originals,one_per_day,0
517,4,18,HBO,one_per_show,1
517,3,10,less content,one_per_show,1
517,1,15,Prime originals,one_per_show,1
517,2,15,Disney,one_per_day,1
518,2,8,HBO,none,1
518,2,12,less content,one_per_day,1
518,4,8,HBO,one_per_day,1
518,1,8,Soccer,one_per_show,0
518,6,8,Prime originals,one_per_show,1
518,3,10,Disney,none,0
518,3,12,Prime originals,one_per_show,0
518,2,10,Soccer,none,0
525,6,12,Soccer,none,0
525,5,10,Prime originals,one_per_show,0
525,5,10,less content,one_per_day,0
525,3,10,Disney,none,0
525,3,20,Marvel,one_per_show,1
525,1,18,Marvel,one_per_day,0
525,5,8,HBO,none,0
525,2,12,HBO,one_per_show,1
525,2,15,Marvel,none,1
525,3,8,Prime originals,one_per_day,1
525,1,20,Prime originals,none,1
530,4,8,Soccer,one_per_day,0
530,5,12,Prime originals,one_per_day,0
530,2,12,Prime originals,none,0
530,2,8,Disney,one_per_day,1
530,3,12,Marvel,one_per_day,1
530,5,15,Disney,one_per_day,1
530,1,10,Marvel,none,1
530,4,10,HBO,one_per_show,1
530,6,18,less content,one_per_day,0
530,5,8,Soccer,none,1
531,4,10,Marvel,none,0
531,6,15,Marvel,none,1
531,3,10,less content,one_per_show,0
531,5,8,HBO,none,0
531,5,20,Soccer,none,0
531,6,8,Marvel,one_per_day,1
531,5,12,Marvel,one_per_show,1
531,4,8,Soccer,one_per_day,1
531,6,8,Marvel,one_per_show,1
534,4,20,HBO,one_per_day,0
534,1,15,Prime originals,one_per_day,0
534,5,8,less content,one_per_day,1
534,1,12,Disney,one_per_day,0
534,4,8,Disney,one_per_day,1
534,5,15,Marvel,one_per_day,1
534,4,8,Soccer,none,1
534,4,10,less content,none,1
534,6,18,Soccer,one_per_show,0
537,1,20,less content,none,0
537,1,20,HBO,one_per_day,0
537,5,20,Soccer,one_per_show,0
537,6,20,Soccer,one_per_day,0
537,6,15,HBO,none,0
537,3,12,Soccer,none,1
537,6,8,Soccer,one_per_show,1
537,2,10,Disney,none,0
537,6,8,Marvel,none,1
537,3,12,Disney,none,1
537,2,18,Marvel,none,1
541,6,12,less content,one_per_show,0
541,1,15,Marvel,one_per_show,0
541,4,8,Soccer,one_per_day,1
541,1,12,Disney,one_per_day,1
541,1,15,Soccer,none,1
541,3,20,Marvel,one_per_show,0
541,4,20,less content,one_per_show,1
541,1,18,Disney,one_per_show,0
543,5,20,Soccer,none,0
543,2,12,Disney,one_per_day,1
543,3,12,Prime originals,none,1
543,2,20,less content,none,0
543,4,12,HBO,none,1
543,5,18,Disney,one_per_show,1
543,3,12,Prime originals,none,1
543,2,18,Disney,none,0
543,1,15,Marvel,one_per_day,0
545,1,8,less content,none,0
545,2,10,less content,none,0
545,5,10,Marvel,one_per_show,1
545,5,15,less content,one_per_show,0
545,6,12,HBO,none,1
545,5,10,less content,one_per_show,1
545,6,8,less content,one_per_show,0
545,1,15,Soccer,one_per_day,0
545,1,18,Disney,one_per_day,1
546,5,18,HBO,one_per_day,1
546,2,10,HBO,one_per_show,0
546,6,12,Marvel,none,0
546,4,18,HBO,one_per_show,0
546,2,10,Disney,none,0
546,2,15,Disney,one_per_day,1
546,5,10,HBO,none,0
546,5,15,Disney,none,1
546,6,12,HBO,none,0
550,5,18,Prime originals,none,0
550,6,15,HBO,one_per_show,1
550,4,18,Marvel,none,1
550,4,15,Disney,none,1
550,4,15,HBO,none,1
550,4,20,HBO,none,0
550,6,15,Disney,one_per_day,1
550,6,8,less content,one_per_day,0
550,5,18,Disney,one_per_show,0
550,1,15,Soccer,none,0
550,6,18,HBO,one_per_day,1
550,4,8,Marvel,one_per_show,0
554,1,18,Marvel,none,1
554,5,8,HBO,one_per_show,0
554,1,12,Prime originals,one_per_show,0
554,4,18,Marvel,none,1
554,1,18,less content,one_per_show,0
554,2,8,Prime originals,one_per_day,1
554,1,10,less content,one_per_day,0
554,2,20,less content,one_per_show,1
556,6,12,HBO,one_per_show,0
556,1,18,Marvel,one_per_show,0
556,3,10,Marvel,one_per_day,1
556,6,12,HBO,none,1
556,5,12,less content,none,1
556,4,20,less content,none,0
556,4,18,Soccer,one_per_day,1
556,5,20,less content,none,0
558,2,12,Disney,one_per_day,1
558,4,20,Soccer,none,0
558,6,15,Soccer,one_per_day,1
558,6,15,Prime originals,one_per_day,1
558,5,8,Soccer,one_per_day,1
558,4,10,Disney,one_per_show,1
558,2,18,Soccer,one_per_day,0
558,1,20,HBO,one_per_show,0
558,4,8,Soccer,one_per_show,0
558,1,10,Disney,one_per_day,0
559,4,12,HBO,one_per_show,1
559,6,20,Soccer,none,0
559,2,18,Prime originals,one_per_show,1
559,3,8,Marvel,none,0
559,6,12,Soccer,one_per_show,1
559,2,18,Prime originals,one_per_day,1
559,1,20,HBO,none,0
559,4,18,less content,one_per_show,0
559,3,10,Disney,one_per_day,1
559,1,12,Disney,one_per_day,0
567,2,20,less content,one_per_day,0
567,2,8,Prime originals,one_per_day,1
567,2,10,Soccer,none,1
567,2,8,Marvel,one_per_show,0
567,3,10,Soccer,one_per_day,1
567,6,18,Prime originals,one_per_show,1
567,5,8,Marvel,one_per_show,0
567,6,15,less content,one_per_show,1
567,6,12,less content,one_per_show,0
569,6,20,less content,one_per_show,0
569,2,20,less content,none,0
569,4,15,Marvel,one_per_day,1
569,4,15,Soccer,one_per_show,0
569,5,8,Prime originals,one_per_day,1
569,3,10,less content,one_per_show,1
569,2,12,less content,none,0
569,4,8,HBO,one_per_day,1
569,4,18,less content,one_per_day,0
569,6,12,Prime originals,none,1
569,2,20,Prime originals,one_per_day,0
569,6,12,Prime originals,one_per_show,1
570,4,8,Disney,none,1
570,4,20,Marvel,one_per_show,0
570,1,12,less content,one_per_day,0
570,6,15,less content,none,1
570,3,18,HBO,one_per_show,0
570,6,15,HBO,one_per_day,1
570,4,18,HBO,one_per_show,1
570,4,8,HBO,one_per_show,1
570,4,8,HBO,one_per_show,1
571,1,12,HBO,none,0
571,3,10,HBO,one_per_day,1
571,2,18,HBO,one_per_show,0
571,6,15,Prime originals,one_per_show,1
571,6,10,HBO,none,1
571,5,8,Marvel,one_per_show,0
571,4,18,Prime originals,one_per_show,1
571,6,15,Marvel,none,0
571,2,18,Marvel,one_per_show,1
571,4,20,HBO,one_per_show,0
573,4,20,HBO,one_per_day,0
573,5,10,less content,none,0
573,6,15,Prime originals,one_per_day,1
573,2,20,Disney,one_per_show,0
573,4,10,HBO,one_per_show,1
573,1,15,HBO,one_per_show,0
573,2,10,less content,one_per_show,0
573,1,12,HBO,one_per_day,1
573,6,12,Soccer,one_per_day,1
573,4,20,Prime originals,one_per_show,0
580,4,18,Marvel,one_per_show,1
580,6,20,Marvel,none,0
580,4,15,Prime originals,one_per_show,0
580,1,12,less content,one_per_show,0
580,3,8,HBO,one_per_day,1
580,1,20,less content,none,0
580,6,20,Prime originals,one_per_show,1
580,5,10,less content,none,1
580,2,12,Soccer,none,0
581,5,12,HBO,none,1
581,3,10,Disney,none,0
581,2,18,Soccer,none,1
581,4,12,less content,none,0
581,4,20,Prime originals,one_per_day,0
581,3,12,HBO,none,1
581,5,20,Marvel,none,1
581,3,8,Prime originals,none,1
581,2,20,Prime originals,none,0
584,5,15,less content,one_per_day,0
584,1,18,Prime originals,none,1
584,5,18,Disney,none,1
584,3,15,Prime originals,one_per_show,1
584,5,15,Marvel,one_per_day,0
584,5,15,Prime originals,none,0
587,2,18,Prime originals,none,0
587,4,18,Disney,none,1
587,5,15,HBO,none,1
587,6,8,Disney,none,1
587,5,20,Soccer,none,0
587,4,15,Marvel,none,0
587,4,18,Disney,none,1
587,3,20,less content,none,0
587,1,10,less content,one_per_show,0
587,3,8,HBO,none,1
589,2,12,Disney,one_per_day,0
589,3,8,Marvel,one_per_show,0
589,2,10,Prime originals,one_per_show,1
589,5,18,Marvel,one_per_day,1
589,2,20,Prime originals,one_per_day,0
589,6,20,Prime originals,one_per_day,1
589,5,12,Soccer,one_per_day,0
589,4,8,less content,one_per_show,0
590,4,10,less content,one_per_day,1
590,5,15,Marvel,none,1
590,5,15,less content,none,1
590,1,18,Disney,one_per_show,1
590,2,12,less content,one_per_show,0
590,4,8,Marvel,one_per_show,0
590,6,10,Disney,none,1
590,4,18,less content,one_per_day,0
590,2,20,Soccer,one_per_day,0
590,6,12,Disney,one_per_show,0
591,2,20,Disney,one_per_show,1
591,1,12,Disney,none,0
591,1,10,Marvel,one_per_show,0
591,2,15,Disney,none,0
591,5,20,Prime originals,one_per_show,1
591,3,8,Disney,none,0
591,4,8,less content,none,0
591,5,8,Marvel,none,0
597,2,12,Prime originals,one_per_day,1
597,3,12,Soccer,none,1
597,3,12,HBO,one_per_show,0
597,4,12,Prime originals,none,1
597,3,10,Marvel,none,0
597,6,15,Marvel,one_per_show,0
597,4,20,Disney,none,1
597,3,12,Disney,none,0
597,5,10,Marvel,one_per_day,0
597,6,8,HBO,one_per_day,1
597,6,10,less content,one_per_show,0
597,3,18,Marvel,one_per_show,1
598,3,12,less content,one_per_day,0
598,2,10,Prime originals,one_per_day,0
598,4,12,HBO,one_per_show,1
598,3,12,Marvel,none,0
598,6,10,Prime originals,one_per_show,0
598,1,15,Soccer,none,0
598,2,20,Disney,none,1
598,1,10,HBO,none,1
598,6,18,Prime originals,one_per_day,1
603,6,18,Marvel,one_per_show,1
603,4,10,HBO,one_per_day,1
603,4,15,Marvel,one_per_show,0
603,2,12,Marvel,one_per_show,1
603,5,20,Disney,none,1
603,1,20,less content,one_per_day,0
603,5,18,less content,none,0
603,4,15,Disney,none,0
607,5,15,Prime originals,one_per_show,1
607,2,12,Disney,one_per_day,0
607,2,10,Marvel,one_per_day,0
607,1,8,less content,none,1
607,1,10,Prime originals,one_per_day,1
607,1,15,Prime originals,one_per_show,1
607,5,15,Soccer,none,1
607,1,18,Soccer,none,0
607,6,18,Disney,none,1
607,5,8,Prime originals,one_per_day,0
607,1,20,Disney,none,0
610,4,10,less content,one_per_day,0
610,4,15,Marvel,one_per_show,1
610,2,12,HBO,none,0
610,6,15,Disney,none,1
610,6,18,Marvel,one_per_day,1
610,1,8,Marvel,one_per_show,1
610,5,12,Prime originals,one_per_show,0
610,2,12,less content,one_per_day,0
610,6,15,Marvel,one_per_show,0
610,6,15,Marvel,one_per_show,1
614,2,12,less content,one_per_show,1
614,6,20,HBO,none,0
614,4,15,less content,one_per_show,1
614,3,20,Disney,one_per_show,0
614,4,20,less content,one_per_show,0
614,1,18,Marvel,one_per_show,1
614,2,20,Disney,one_per_show,1
614,6,18,Marvel,one_per_day,1
614,1,20,Prime originals,one_per_show,0
614,6,15,Marvel,none,0
621,1,8,Prime originals,none,0
621,1,15,Marvel,one_per_day,0
621,1,10,Soccer,one_per_show,1
621,3,12,Soccer,none,0
621,1,12,HBO,one_per_show,0
621,1,8,Prime originals,one_per_show,1
621,2,8,Disney,one_per_show,1
621,4,15,Prime originals,one_per_day,1
621,2,15,HBO,none,1
621,3,18,Soccer,none,0
621,4,12,less content,none,0
624,6,10,Marvel,one_per_day,1
624,6,18,HBO,none,0
624,6,20,HBO,one_per_day,1
624,5,12,Soccer,one_per_day,0
624,4,8,less content,one_per_day,0
624,2,18,Prime originals,one_per_day,1
624,3,8,Prime originals,one_per_day,0
624,5,12,Prime originals,one_per_day,1
624,6,10,Soccer,one_per_show,1
624,1,20,Disney,one_per_day,0
624,5,12,Disney,one_per_show,1
624,3,12,HBO,one_per_show,0
628,3,8,less content,none,0
628,4,8,Disney,one_per_day,1
628,6,20,less content,none,0
628,1,10,Marvel,one_per_day,0
628,6,18,Disney,none,0
628,5,8,Marvel,none,1
628,1,12,Soccer,one_per_show,1
630,3,18,less content,one_per_show,0
630,5,10,HBO,none,1
630,1,10,Soccer,one_per_day,1
630,2,8,less content,one_per_day,1
630,4,15,less content,one_per_day,0
630,6,8,less content,none,1
630,5,18,Soccer,one_per_show,0
630,5,20,less content,one_per_show,0
631,5,12,Marvel,one_per_day,1
631,3,8,Marvel,one_per_day,1
631,5,20,Disney,none,1
631,1,12,Soccer,one_per_show,0
631,6,18,Prime originals,one_per_day,1
631,6,12,Prime originals,one_per_show,0
631,1,20,Marvel,none,1
631,2,20,Soccer,one_per_show,0
631,1,8,Marvel,one_per_show,0
631,2,18,less content,one_per_day,0
633,6,20,less content,one_per_day,1
633,2,20,HBO,one_per_show,0
633,2,20,Prime originals,none,0
633,1,18,Prime originals,one_per_day,0
633,6,18,Prime originals,none,0
633,1,10,Disney,none,1
633,6,8,less content,none,1
633,5,12,Marvel,one_per_show,1
633,4,12,less content,one_per_day,0
633,3,8,Marvel,one_per_show,1
637,4,20,Soccer,one_per_day,0
637,1,18,HBO,one_per_show,0
637,5,15,Prime originals,one_per_day,1
637,6,8,Marvel,one_per_day,1
637,5,20,Soccer,one_per_show,0
637,5,18,Prime originals,one_per_day,1
638,6,10,less content,one_per_day,0
638,4,20,Soccer,one_per_show,0
638,2,12,less content,none,1
638,2,8,Prime originals,one_per_show,0
638,5,18,Disney,one_per_show,1
638,6,18,HBO,none,1
638,1,8,Disney,none,0
645,5,8,Soccer,one_per_show,1
645,2,18,Disney,none,0
645,6,12,HBO,one_per_day,1
645,6,10,HBO,one_per_show,0
645,5,20,Disney,one_per_show,0
645,4,18,Soccer,one_per_show,0
646,2,18,Soccer,one_per_day,1
646,2,12,Soccer,one_per_day,1
646,2,12,Marvel,one_per_show,0
646,4,15,HBO,none,1
646,6,12,less content,one_per_day,0
646,1,20,Marvel,one_per_day,0
646,6,8,Marvel,none,1
646,3,8,Prime originals,one_per_day,0
646,5,12,Marvel,one_per_show,0
648,1,10,Prime originals,none,0
648,6,8,Marvel,none,1
648,4,18,Disney,one_per_day,0
648,2,10,Marvel,one_per_show,1
648,3,10,Marvel,none,1
648,4,20,less content,one_per_day,1
648,1,18,less content,one_per_show,0
648,5,8,Soccer,one_per_show,1
648,6,15,Disney,one_per_day,0
648,3,8,Disney,none,0
648,6,12,Soccer,one_per_show,1
648,3,10,less content,one_per_show,0
650,3,18,Soccer,one_per_show,1
650,5,12,Marvel,one_per_show,1
650,1,10,Disney,one_per_show,0
650,2,15,HBO,one_per_show,0
650,3,12,Marvel,one_per_day,0
650,6,20,Soccer,none,1
650,1,8,Soccer,one_per_show,0
650,5,20,less content,one_per_show,0
650,6,12,Marvel,one_per_day,1
650,4,12,Marvel,one_per_day,1
651,6,10,Disney,one_per_day,0
651,2,18,less content,one_per_show,1
651,6,10,Disney,one_per_show,0
651,2,15,Disney,none,1
651,6,20,Marvel,one_per_show,0
651,3,18,less content,one_per_show,1
651,5,18,Soccer,none,0
651,2,10,Soccer,one_per_day,1
651,5,15,Prime originals,one_per_show,0
654,6,12,Prime originals,one_per_show,1
654,4,12,Marvel,none,0
654,5,8,Prime originals,one_per_day,0
654,1,20,Marvel,one_per_day,0
654,5,10,Prime originals,one_per_day,1
654,1,18,Soccer,one_per_day,0
654,6,15,Disney,one_per_show,1
654,4,15,Marvel,one_per_show,1
654,1,10,Prime originals,none,0
654,3,8,HBO,none,0
654,6,8,Disney,one_per_show,1
656,1,12,Soccer,one_per_day,0
656,1,12,Marvel,one_per_show,0
656,5,15,HBO,one_per_day,0
656,1,20,Marvel,one_per_day,0
656,5,20,Marvel,one_per_day,1
656,3,18,Disney,one_per_day,1
656,3,18,HBO,one_per_day,1
656,2,12,HBO,one_per_day,1
656,4,8,less content,one_per_day,1
656,6,10,Soccer,one_per_day,0
657,1,10,Prime originals,one_per_show,0
657,4,8,Marvel,none,1
657,3,15,less content,one_per_day,1
657,2,20,HBO,one_per_day,1
657,1,8,Soccer,one_per_show,0
657,5,15,Disney,one_per_show,0
657,2,8,Prime originals,one_per_day,1
657,4,12,less content,one_per_show,0
657,4,12,HBO,one_per_show,0
657,1,12,less content,none,1
657,2,15,Disney,one_per_show,0
657,3,12,Soccer,one_per_day,1
661,4,15,Marvel,one_per_day,0
661,1,20,Soccer,one_per_show,0
661,2,8,Disney,none,1
661,3,12,HBO,one_per_day,1
661,1,15,Marvel,one_per_show,1
661,4,12,Marvel,none,1
661,5,18,HBO,one_per_day,1
661,1,20,Soccer,one_per_show,0
661,2,10,Soccer,none,0
661,3,18,Prime originals,none,0
661,4,18,Soccer,none,1
664,1,15,Prime originals,one_per_show,1
664,5,15,Soccer,one_per_day,1
664,2,20,Disney,none,1
664,6,12,Marvel,one_per_day,1
664,5,10,Soccer,none,1
664,4,18,less content,none,0
664,4,10,less content,none,0
664,4,18,less content,one_per_day,0
664,1,20,Marvel,one_per_day,0
664,3,18,HBO,one_per_day,0
664,4,15,Disney,one_per_day,1
669,4,10,Prime originals,none,1
669,2,12,less content,none,1
669,6,8,less content,none,1
669,6,20,Marvel,none,0
669,2,10,Prime originals,none,1
669,6,20,Marvel,none,1
669,2,15,Soccer,none,1
669,5,10,Prime originals,one_per_show,0
669,1,20,Prime originals,none,0
669,1,20,Marvel,one_per_show,0
669,1,8,HBO,one_per_day,0
670,4,18,HBO,none,1
670,3,12,HBO,none,1
670,4,20,Prime originals,one_per_day,0
670,3,18,HBO,one_per_day,1
670,5,12,Prime originals,none,1
670,4,18,HBO,one_per_day,0
670,5,20,less content,none,0
670,5,8,Marvel,none,1
670,2,20,HBO,none,0
676,4,10,less content,one_per_day,1
676,3,12,less content,none,0
676,4,12,HBO,none,1
676,6,15,Marvel,one_per_day,1
676,6,8,Soccer,one_per_show,1
676,4,10,HBO,one_per_day,0
676,3,15,Disney,one_per_show,0
676,1,10,Prime originals,none,1
676,4,18,HBO,one_per_show,0
676,5,8,Soccer,one_per_show,1
676,6,8,Disney,none,0
679,2,18,Marvel,none,0
679,6,8,Soccer,one_per_day,1
679,5,10,Marvel,none,1
679,5,12,Disney,none,0
679,2,18,less content,one_per_show,0
679,6,18,HBO,none,1
679,3,15,Prime originals,none,1
680,1,10,HBO,one_per_day,1
680,1,20,Disney,one_per_show,0
680,2,12,Disney,one_per_show,0
680,4,18,Marvel,none,0
680,1,20,Soccer,one_per_show,0
680,1,10,less content,one_per_show,1
680,1,20,HBO,one_per_day,1
680,6,10,Marvel,one_per_day,1
681,5,15,Soccer,one_per_show,0
681,6,20,Disney,one_per_show,1
681,6,10,HBO,none,0
681,3,8,Soccer,one_per_day,1
681,4,15,Disney,one_per_show,1
681,3,18,HBO,one_per_day,0
681,4,8,Soccer,none,1
681,1,8,Prime originals,one_per_day,0
681,3,15,Marvel,one_per_show,0
681,4,15,Disney,none,0
681,5,12,Prime originals,one_per_day,1
681,6,8,Marvel,one_per_show,1
685,1,8,less content,one_per_day,1
685,2,15,Soccer,one_per_day,1
685,1,15,Prime originals,one_per_day,0
685,1,12,less content,one_per_show,0
685,6,10,Disney,none,1
685,2,18,Marvel,one_per_day,0
685,3,18,less content,one_per_day,0
685,5,20,Marvel,one_per_day,1
685,5,10,less content,one_per_show,0
689,4,12,Marvel,one_per_show,1
689,5,18,Soccer,one_per_show,0
689,1,18,Prime originals,one_per_show,0
689,5,15,Soccer,one_per_show,1
689,3,20,less content,one_per_show,0
689,5,10,Soccer,one_per_show,0
689,1,8,Soccer,one_per_day,0
689,1,15,Soccer,none,1
689,1,18,Soccer,none,0
689,2,20,Disney,none,1
689,4,10,Prime originals,none,1
689,4,18,Soccer,none,1
691,6,12,less content,none,1
691,5,10,Marvel,one_per_show,0
691,1,20,Marvel,none,0
691,6,8,less content,one_per_day,0
691,6,12,less content,one_per_show,0
691,4,8,Prime originals,one_per_show,1
691,6,10,HBO,none,1
691,1,10,Disney,none,1
691,4,10,Disney,one_per_day,1
694,5,10,HBO,none,1
694,2,15,less content,one_per_show,0
694,4,15,Prime originals,one_per_show,0
694,2,8,Soccer,one_per_show,0
694,1,8,Prime originals,one_per_day,0
694,5,12,less content,one_per_day,1
694,5,12,HBO,one_per_day,1
694,1,18,Prime originals,one_per_day,0
694,4,18,Marvel,one_per_day,1
697,5,8,HBO,none,1
697,3,12,Prime originals,none,1
697,3,15,Marvel,none,0
697,3,20,Soccer,none,0
697,3,10,less content,none,1
697,6,12,less content,one_per_day,1
697,4,15,Marvel,one_per_day,1
697,1,12,less content,none,0
697,2,15,Prime originals,one_per_day,0
697,6,18,Marvel,none,0
699,4,20,Marvel,one_per_show,1
699,6,12,Soccer,one_per_day,0
699,2,20,Prime originals,one_per_day,1
699,6,8,less content,one_per_show,0
699,5,18,Prime originals,one_per_show,0
699,3,10,Prime originals,none,1
699,6,10,less content,none,0
699,4,18,Soccer,none,1
699,1,12,Disney,none,1
707,2,8,Prime originals,one_per_day,0
707,6,8,Prime originals,one_per_day,1
707,5,20,Soccer,none,0
707,4,18,Prime originals,none,1
707,2,10,less content,one_per_day,1
707,6,12,HBO,one_per_day,1
707,5,8,Prime originals,one_per_show,0
707,6,15,Disney,none,0
710,5,10,HBO,one_per_day,1
710,6,20,HBO,one_per_show,1
710,1,12,HBO,one_per_day,1
710,1,12,less content,one_per_show,0
710,5,15,Soccer,one_per_day,0
710,2,12,HBO,none,1
710,6,10,Disney,one_per_show,0
710,3,18,Marvel,one_per_show,1
710,4,20,HBO,none,1
710,3,15,HBO,one_per_show,0
710,4,20,Marvel,one_per_show,0
711,2,8,HBO,one_per_day,0
711,4,10,HBO,one_per_show,0
711,6,18,less content,none,1
711,2,10,HBO,none,0
711,5,12,Prime originals,none,1
711,6,15,Prime originals,one_per_show,1
711,5,15,HBO,none,0
712,4,12,less content,none,1
712,4,15,Marvel,one_per_show,0
712,5,8,HBO,none,1
712,2,12,Prime originals,one_per_show,0
712,5,18,Marvel,none,0
712,5,20,Prime originals,one_per_day,1
712,6,8,HBO,one_per_day,1
712,2,8,Prime originals,none,0
712,2,10,HBO,one_per_day,1
712,5,18,Disney,none,1
713,2,15,Marvel,none,0
713,1,18,less content,one_per_day,0
713,3,12,less content,one_per_show,1
713,2,10,Marvel,one_per_show,1
713,5,18,HBO,one_per_show,0
713,3,18,HBO,one_per_show,1
713,4,20,Marvel,one_per_day,0
713,3,12,Disney,one_per_day,0
722,3,12,less content,none,1
722,5,8,HBO,one_per_day,1
722,3,18,Disney,none,1
722,5,18,Prime originals,one_per_day,0
722,1,20,Disney,none,0
722,3,12,HBO,one_per_show,1
722,1,20,Prime originals,one_per_day,0
722,1,10,Disney,one_per_day,1
722,5,15,HBO,one_per_day,1
722,1,15,Prime originals,one_per_show,0
722,3,20,HBO,one_per_show,0
727,2,12,less content,one_per_show,0
727,6,18,HBO,one_per_show,1
727,2,10,Soccer,one_per_show,0
727,4,8,less content,one_per_day,1
727,3,12,Disney,none,1
727,6,10,Marvel,one_per_day,0
727,4,18,Disney,one_per_show,1
727,1,12,Soccer,one_per_day,0
728,3,15,Soccer,none,0
728,5,10,HBO,none,1
728,3,20,Prime originals,one_per_show,0
728,3,10,HBO,one_per_day,1
728,3,18,Soccer,one_per_day,0
728,2,18,Soccer,none,1
728,4,12,Soccer,none,0
728,4,15,less content,one_per_show,0
728,6,12,Soccer,one_per_day,1
728,4,18,less content,none,1
728,4,8,less content,one_per_day,1
728,1,12,Marvel,none,0
729,2,15,less content,one_per_day,1
729,6,10,Soccer,one_per_day,1
729,3,20,Disney,none,1
729,3,18,Prime originals,one_per_show,1
729,5,20,Disney,one_per_day,1
729,1,8,Marvel,one_per_day,0
729,3,12,less content,none,0
729,4,12,Disney,none,0
729,2,8,Soccer,one_per_day,1
729,3,12,Marvel,one_per_show,0
729,3,8,Prime originals,one_per_day,0
730,6,18,Prime originals,one_per_show,0
730,4,8,Soccer,none,0
730,1,20,Marvel,none,1
730,2,12,Marvel,one_per_show,0
730,3,15,less content,one_per_show,0
730,6,15,less content,one_per_show,1
730,5,20,Soccer,none,0
730,4,12,Marvel,one_per_show,1
730,5,12,Soccer,one_per_show,0
730,2,20,Prime originals,none,1
734,4,15,Disney,one_per_day,0
734,6,12,Disney,one_per_show,1
734,4,18,less content,none,0
734,3,10,Soccer,none,0
734,3,15,Marvel,none,0
734,4,15,Soccer,one_per_day,1
734,4,15,HBO,one_per_show,1
734,4,20,Prime originals,none,0
734,3,18,less content,one_per_show,0
734,6,12,less content,one_per_day,1
734,6,15,Disney,one_per_show,1
736,3,15,Disney,one_per_show,0
736,6,18,Prime originals,one_per_show,1
736,2,12,less content,one_per_show,0
736,3,18,HBO,one_per_day,1
736,4,20,Marvel,none,1
736,6,20,less content,one_per_show,0
736,5,8,Disney,one_per_show,1
736,1,20,Marvel,one_per_day,0
740,5,18,less content,one_per_show,1
740,5,12,HBO,none,1
740,1,20,Disney,one_per_show,0
740,6,12,Disney,one_per_show,1
740,2,20,less content,one_per_day,0
740,5,15,Marvel,one_per_day,0
740,3,12,Disney,none,1
740,4,10,less content,one_per_show,1
742,3,8,Prime originals,none,0
742,4,10,Marvel,one_per_show,0
742,1,18,Disney,one_per_day,0
742,6,10,Disney,one_per_show,1
742,4,12,Soccer,one_per_show,1
742,3,8,Disney,one_per_show,0
742,4,18,Soccer,none,1
742,4,15,HBO,none,0
742,6,15,Soccer,one_per_show,1
745,2,10,Soccer,one_per_show,1
745,4,20,Prime originals,none,1
745,1,20,Soccer,none,0
745,1,10,less content,none,1
745,1,18,Soccer,none,0
745,6,8,less content,one_per_day,1
745,1,10,HBO,one_per_show,0
748,1,12,HBO,one_per_show,1
748,2,12,less content,one_per_day,0
748,6,10,Disney,one_per_day,0
748,4,12,Soccer,one_per_day,1
748,2,20,Soccer,one_per_show,0
748,6,10,Prime originals,none,1
748,5,20,Disney,none,0
748,5,15,Marvel,one_per_show,1
748,4,8,Prime originals,none,1
749,4,15,Soccer,one_per_show,1
749,4,10,less content,one_per_show,0
749,1,20,Disney,one_per_day,0
749,6,8,Disney,none,1
749,2,20,HBO,one_per_day,1
749,1,15,Disney,none,0
749,5,8,less content,none,0
749,6,10,Disney,none,1
749,1,8,Disney,one_per_show,1
749,6,10,HBO,one_per_day,1
749,4,10,Soccer,one_per_show,0
749,1,12,HBO,one_per_show,0
751,6,12,Marvel,one_per_show,1
751,5,15,Disney,one_per_show,1
751,4,12,Soccer,one_per_show,1
751,4,10,HBO,none,0
751,4,15,HBO,one_per_show,1
751,1,8,HBO,none,0
751,4,15,Soccer,one_per_show,0
751,2,12,Prime originals,one_per_day,1
752,3,18,HBO,none,1
752,1,10,Marvel,one_per_day,1
752,3,18,Soccer,none,0
752,4,12,HBO,one_per_show,0
752,1,8,Marvel,one_per_show,1
752,6,12,HBO,none,1
752,2,18,Disney,none,0
752,3,20,Soccer,one_per_show,0
752,1,15,Disney,none,0
752,6,8,HBO,one_per_day,1
752,4,18,Prime originals,none,0
756,5,10,Disney,none,1
756,2,10,Marvel,one_per_day,0
756,4,8,HBO,one_per_show,1
756,6,12,Marvel,one_per_show,0
756,4,18,less content,none,1
756,6,8,less content,one_per_show,0
756,2,8,Disney,one_per_show,0
756,5,12,Soccer,one_per_day,0
756,6,20,Soccer,one_per_show,1
758,3,10,Soccer,one_per_day,0
758,1,15,Marvel,one_per_show,1
758,4,15,less content,one_per_show,0
758,2,20,Disney,one_per_show,0
758,6,12,Marvel,none,1
758,6,20,Marvel,none,1
758,6,20,Disney,none,1
758,2,15,Soccer,one_per_show,0
758,4,15,Disney,none,1
758,3,8,Marvel,one_per_show,0
758,4,18,HBO,one_per_day,0
763,5,18,Marvel,one_per_day,1
763,5,18,Soccer,one_per_show,1
763,2,8,Soccer,one_per_day,1
763,5,20,Soccer,one_per_show,0
763,1,15,Disney,none,1
763,4,8,Soccer,one_per_show,0
763,5,10,HBO,one_per_day,0
763,5,8,Marvel,one_per_show,1
763,2,20,Disney,none,0
763,2,20,Disney,one_per_show,0
763,6,10,Marvel,none,1
766,5,12,Soccer,none,0
766,5,12,Prime originals,one_per_day,1
766,3,8,Disney,one_per_day,1
766,4,10,Marvel,one_per_day,0
766,2,18,Disney,one_per_day,0
766,4,18,Marvel,one_per_show,1
766,5,20,less content,none,0
766,5,15,Soccer,none,0
767,6,20,Marvel,one_per_show,0
767,5,15,Prime originals,one_per_day,0
767,1,12,less content,one_per_day,0
767,5,12,Disney,none,1
767,2,18,Disney,none,0
767,3,18,Marvel,one_per_day,1
767,4,12,Disney,one_per_show,1
767,4,10,Prime originals,one_per_show,1
767,6,15,Marvel,one_per_day,1
768,4,15,less content,one_per_show,0
768,6,20,Disney,one_per_show,1
768,1,20,Prime originals,one_per_day,0
768,2,18,Soccer,none,1
768,1,15,Soccer,one_per_day,0
768,4,15,Marvel,one_per_show,0
768,6,20,Disney,none,1
768,4,8,Marvel,one_per_show,1
768,4,8,HBO,none,1
768,6,15,Marvel,none,1
768,1,12,Marvel,none,0
768,4,15,less content,none,0
771,2,15,Prime originals,one_per_day,0
771,6,12,Marvel,one_per_show,1
771,1,18,Prime originals,none,0
771,6,18,Prime originals,one_per_show,1
771,4,20,Marvel,one_per_day,1
771,5,10,less content,none,1
771,3,20,Marvel,none,0
771,3,8,Prime originals,none,0
771,6,10,HBO,none,1
771,2,8,Disney,one_per_show,0
771,4,12,Prime originals,one_per_day,0
772,4,15,less content,none,1
772,5,10,HBO,one_per_day,1
772,3,8,less content,none,0
772,1,18,Marvel,one_per_day,0
772,6,8,less content,none,1
772,2,10,Soccer,one_per_day,0
772,3,12,Marvel,one_per_day,1
772,4,18,Disney,one_per_show,0
772,3,10,less content,one_per_day,1
772,6,10,Prime originals,one_per_day,1
772,6,15,HBO,one_per_day,0
772,1,8,less content,one_per_show,0
777,2,12,Disney,none,1
777,3,18,HBO,one_per_show,1
777,6,8,Prime originals,one_per_show,1
777,1,10,HBO,one_per_show,0
777,1,20,HBO,one_per_day,0
777,6,20,Soccer,one_per_day,1
777,1,8,Disney,one_per_show,1
777,3,10,Prime originals,none,0
777,3,10,less content,none,0
784,1,8,Prime originals,one_per_day,1
784,1,10,Prime originals,one_per_day,0
784,5,8,Disney,none,0
784,6,10,less content,one_per_show,0
784,5,8,Disney,one_per_show,0
784,3,20,Disney,one_per_show,1
784,4,12,Disney,none,1
784,5,20,Soccer,none,1
784,5,20,less content,one_per_day,0
784,6,20,Prime originals,one_per_day,1
793,1,8,less content,none,0
793,3,15,HBO,one_per_day,1
793,5,12,Marvel,none,1
793,5,8,Prime originals,none,0
793,5,8,Prime originals,one_per_day,1
793,5,8,HBO,one_per_day,0
793,2,8,Marvel,one_per_day,0
793,2,8,HBO,none,0
793,1,10,Disney,one_per_show,0
793,6,10,Soccer,one_per_day,1
800,1,20,Prime originals,none,0
800,1,20,HBO,one_per_day,1
800,3,8,Prime originals,one_per_show,0
800,4,12,Disney,none,1
800,2,15,Prime originals,one_per_show,1
800,2,20,Prime originals,none,0
800,3,18,less content,one_per_day,1
800,1,12,Soccer,one_per_show,0
800,6,15,Disney,one_per_day,0
800,4,8,less content,none,0
800,5,18,less content,one_per_day,1
806,5,8,less content,one_per_day,0
806,1,20,Soccer,none,0
806,4,15,Marvel,none,1
806,1,20,Prime originals,one_per_show,0
806,6,12,HBO,one_per_show,1
806,1,20,Prime originals,one_per_day,0
806,6,10,HBO,none,1
806,5,15,Marvel,one_per_show,1
806,3,12,less content,one_per_day,1
806,5,12,Prime originals,one_per_show,1
811,2,20,less content,none,1
811,5,15,less content,none,0
811,2,15,Marvel,none,1
811,3,12,Disney,one_per_show,0
811,5,10,Prime originals,one_per_day,1
811,2,8,Marvel,none,1
811,1,12,Prime originals,one_per_show,1
814,3,15,Marvel,one_per_day,1
814,2,8,HBO,one_per_day,1
814,4,12,Soccer,one_per_day,0
814,1,15,HBO,one_per_show,0
814,6,18,Prime originals,none,1
814,4,15,Marvel,none,1
814,3,12,less content,one_per_day,0
814,6,20,Marvel,none,0
814,5,10,Marvel,one_per_show,1
814,4,20,less content,none,0
814,3,12,HBO,one_per_day,1
814,6,15,Prime originals,one_per_day,0
816,3,8,Disney,one_per_show,1
816,5,10,Marvel,one_per_day,1
816,2,20,Disney,one_per_day,0
816,4,18,less content,one_per_show,0
816,5,15,Soccer,one_per_show,1
816,6,12,Marvel,none,1
816,6,10,Soccer,one_per_day,1
816,4,10,Prime originals,none,0
816,2,8,Prime originals,none,0
816,4,18,less content,none,0
818,3,10,HBO,none,0
818,5,12,Disney,one_per_show,1
818,2,20,Marvel,one_per_show,1
818,5,12,Marvel,none,0
818,4,8,Soccer,one_per_show,0
818,5,15,Soccer,none,1
818,2,18,less content,one_per_show,0
818,3,20,Soccer,none,1
818,5,10,Disney,one_per_show,0
818,4,10,Disney,one_per_day,1
819,4,15,Prime originals,none,0
819,2,18,HBO,one_per_show,0
819,6,15,Marvel,none,1
819,3,15,Marvel,one_per_day,1
819,5,15,Soccer,one_per_day,1
819,4,18,Soccer,one_per_show,0
819,4,18,Marvel,none,1
819,3,10,Prime originals,one_per_day,0
819,1,10,less content,one_per_show,0
822,6,10,Marvel,one_per_show,0
822,3,8,Prime originals,one_per_day,1
822,4,15,Marvel,one_per_show,1
822,3,20,HBO,one_per_day,1
822,3,18,Disney,one_per_show,0
822,5,12,less content,none,0
822,3,10,HBO,none,1
822,5,15,Soccer,none,0
822,1,12,Soccer,one_per_day,0
822,5,8,Prime originals,none,1
823,6,20,Disney,one_per_day,0
823,5,10,less content,one_per_show,0
823,2,15,Soccer,one_per_day,1
823,3,8,less content,none,1
823,1,20,Prime originals,none,1
823,6,8,less content,one_per_show,1
823,2,15,HBO,none,0
823,1,18,HBO,one_per_show,0
823,6,8,Disney,one_per_show,0
823,4,12,less content,none,1
824,6,12,Disney,one_per_day,1
824,4,8,Soccer,one_per_show,1
824,1,18,HBO,none,1
824,6,10,Soccer,one_per_show,1
824,4,12,Disney,none,1
824,6,8,Soccer,one_per_day,0
824,3,8,less content,one_per_show,0
824,1,20,HBO,one_per_show,0
824,3,15,less content,one_per_show,0
830,6,15,Prime originals,one_per_day,0
830,2,15,Prime originals,none,0
830,4,15,Prime originals,one_per_show,0
830,1,20,HBO,none,0
830,5,12,HBO,one_per_show,1
830,3,15,Disney,one_per_show,1
830,6,8,Disney,one_per_day,0
830,6,18,HBO,none,1
830,6,18,Disney,none,1
830,3,18,Soccer,none,1
831,4,15,Disney,none,0
831,4,15,HBO,one_per_day,1
831,4,12,HBO,one_per_day,1
831,4,10,less content,none,1
831,3,12,Disney,one_per_show,0
831,2,12,HBO,one_per_show,0
831,2,15,Marvel,one_per_show,0
832,2,20,Soccer,none,1
832,5,12,Prime originals,none,1
832,3,18,Prime originals,one_per_day,0
832,3,20,Soccer,one_per_day,1
832,3,18,Soccer,one_per_show,1
832,3,10,Soccer,one_per_show,0
832,6,8,less content,one_per_day,0
832,3,10,less content,one_per_show,0
833,2,20,Marvel,one_per_day,1
833,1,8,Soccer,one_per_show,0
833,4,12,less content,none,1
833,5,8,Prime originals,one_per_day,0
833,2,12,Soccer,one_per_show,0
833,5,18,Marvel,one_per_day,0
833,4,15,less content,one_per_day,1
833,4,18,less content,one_per_day,1
834,4,12,Soccer,one_per_day,0
834,3,15,Soccer,one_per_day,0
834,2,12,Prime originals,one_per_day,1
834,4,20,Marvel,none,0
834,2,15,Soccer,one_per_day,1
834,3,8,Prime originals,none,1
834,1,12,less content,one_per_day,0
834,6,20,Marvel,one_per_day,1
834,5,20,HBO,none,0
834,6,10,less content,none,1
836,5,18,less content,none,0
836,5,8,Prime originals,none,1
836,5,10,Soccer,none,1
836,5,18,less content,one_per_day,0
836,6,8,Disney,one_per_show,1
836,2,15,Prime originals,none,0
836,4,15,less content,one_per_show,1
836,6,15,HBO,one_per_show,0
836,5,8,less content,one_per_day,0
836,6,15,Prime originals,none,1
841,5,12,Soccer,one_per_day,0
841,6,18,Marvel,none,1
841,4,12,less content,one_per_day,1
841,1,12,Soccer,none,0
841,5,8,Disney,none,1
841,2,8,Disney,one_per_show,1
841,3,8,Disney,one_per_show,1
841,2,10,less content,none,0
841,5,8,less content,none,0
841,3,10,Soccer,one_per_day,0
847,6,15,HBO,none,1
847,1,20,Disney,one_per_show,0
847,6,18,HBO,one_per_show,1
847,3,20,Soccer,one_per_day,1
847,2,15,less content,one_per_day,0
847,6,10,Soccer,one_per_day,1
847,3,12,Soccer,one_per_show,1
847,3,20,Disney,one_per_day,0
847,3,8,HBO,none,0
847,2,12,less content,one_per_day,0
849,6,18,Marvel,none,1
849,1,20,Soccer,one_per_show,0
849,6,20,Prime originals,one_per_show,0
849,5,15,Prime originals,none,1
849,5,8,Disney,none,1
849,1,18,Marvel,none,0
849,1,15,Marvel,one_per_day,0
849,2,10,less content,one_per_day,0
849,3,12,Marvel,none,1
849,4,20,Soccer,one_per_show,0
849,5,12,Prime originals,one_per_day,1
851,1,10,Disney,none,0
851,6,12,Disney,none,1
851,3,20,Disney,one_per_show,0
851,6,18,Disney,one_per_day,1
851,2,15,less content,none,0
851,2,15,Prime originals,one_per_day,1
851,2,10,HBO,one_per_day,0
851,3,15,Disney,one_per_show,0
851,1,10,HBO,one_per_show,1
851,2,15,Soccer,one_per_show,1
852,4,10,Marvel,one_per_show,1
852,4,8,Soccer,one_per_show,0
852,4,15,less content,none,1
852,4,10,less content,none,1
852,6,18,Disney,one_per_show,0
852,5,12,Marvel,one_per_day,1
852,4,8,less content,one_per_show,0
852,5,15,less content,none,0
852,2,20,less content,none,0
852,3,15,Soccer,none,1
852,6,20,Soccer,one_per_day,0
852,5,10,less content,none,1
855,2,18,HBO,one_per_day,0
855,1,15,less content,none,1
855,5,18,Disney,one_per_show,1
855,1,10,Marvel,one_per_show,0
855,1,15,Marvel,one_per_day,0
855,6,12,HBO,none,1
855,4,10,HBO,one_per_show,0
855,1,10,HBO,one_per_day,0
855,4,20,HBO,one_per_day,0
855,3,15,Disney,one_per_day,1
855,1,10,Prime originals,one_per_show,1
867,6,15,Prime originals,one_per_day,0
867,5,12,Marvel,one_per_day,1
867,1,20,Disney,one_per_show,0
867,6,10,Disney,one_per_day,1
867,6,10,HBO,none,1
867,2,20,Marvel,one_per_show,0
867,2,15,Disney,one_per_day,0
867,3,20,Soccer,none,0
867,3,12,HBO,none,1
869,2,8,Prime originals,none,1
869,1,18,Prime originals,one_per_show,1
869,3,18,Prime originals,one_per_show,0
869,4,10,Disney,one_per_day,0
869,3,20,less content,none,1
869,2,8,HBO,one_per_day,1
869,2,8,HBO,none,1
869,6,10,HBO,one_per_show,0
869,5,12,Disney,one_per_show,0
869,1,20,less content,one_per_show,0
870,6,12,Disney,one_per_show,1
870,6,8,Marvel,none,0
870,3,12,less content,one_per_day,0
870,2,10,Prime originals,one_per_day,0
870,4,18,Prime originals,one_per_show,0
870,1,18,Disney,one_per_day,1
870,6,10,Marvel,one_per_day,1
870,1,15,Soccer,none,1
870,4,12,Marvel,one_per_day,1
874,4,12,Marvel,none,0
874,1,15,Soccer,one_per_show,1
874,2,15,HBO,none,1
874,6,10,HBO,one_per_day,0
874,1,10,Soccer,one_per_show,0
874,1,12,Prime originals,one_per_day,1
874,4,18,Marvel,one_per_day,1
874,2,8,Prime originals,none,0
878,2,12,Disney,one_per_show,1
878,5,8,Soccer,one_per_day,0
878,6,20,HBO,one_per_show,0
878,5,8,Prime originals,none,1
878,3,18,less content,none,0
878,6,10,less content,one_per_show,1
878,1,12,Soccer,none,0
878,4,12,HBO,none,1
878,3,12,less content,one_per_day,0
881,1,12,Disney,one_per_day,0
881,4,20,Soccer,one_per_show,0
881,6,10,Prime originals,one_per_show,1
881,3,18,less content,none,1
881,1,10,Soccer,one_per_day,1
881,2,18,Soccer,none,1
881,1,18,Prime originals,one_per_show,0
881,2,10,Marvel,none,0
882,1,15,Prime originals,one_per_day,1
882,5,15,Marvel,one_per_day,1
882,6,20,Marvel,one_per_day,0
882,1,10,HBO,none,1
882,3,20,Marvel,one_per_day,0
882,2,15,Prime originals,one_per_show,0
882,3,12,less content,one_per_show,1
882,2,8,Marvel,one_per_show,0
882,5,8,Disney,none,1
882,4,12,Disney,one_per_show,0
885,5,8,less content,one_per_show,0
885,2,20,less content,one_per_day,0
885,1,15,Marvel,one_per_show,1
885,3,10,Prime originals,none,0
885,2,18,HBO,none,1
885,2,8,less content,none,1
885,1,20,Marvel,none,0
885,4,20,Prime originals,none,0
885,5,8,less content,none,1
885,6,15,Marvel,one_per_show,1
889,4,12,Soccer,one_per_day,1
889,4,20,Disney,one_per_day,1
889,5,8,less content,one_per_day,0
889,3,15,HBO,none,1
889,5,12,Marvel,one_per_day,0
889,1,20,Marvel,one_per_day,0
889,1,12,Marvel,one_per_show,0
889,3,10,Prime originals,one_per_day,0
889,6,10,Soccer,none,1
889,1,10,Marvel,one_per_show,0
892,3,15,less content,one_per_show,0
892,4,12,less content,one_per_show,1
892,4,8,less content,one_per_day,0
892,3,8,Disney,one_per_day,1
892,5,10,Marvel,one_per_day,1
892,1,10,Prime originals,one_per_day,0
892,6,15,Disney,one_per_day,1
892,3,15,Marvel,one_per_show,1
892,1,12,less content,none,0
893,2,8,less content,none,1
893,2,10,Soccer,one_per_show,0
893,2,20,Marvel,none,1
893,3,18,less content,one_per_show,0
893,3,10,less content,one_per_day,0
893,3,12,Marvel,one_per_show,1
893,6,15,less content,one_per_show,0
893,5,18,Soccer,one_per_show,0
893,6,15,HBO,none,1
893,1,15,Prime originals,one_per_day,1
893,1,18,Prime originals,one_per_day,0
894,5,15,less content,one_per_show,0
894,5,20,Prime originals,one_per_day,0
894,5,8,HBO,one_per_day,1
894,3,15,Soccer,one_per_day,0
894,3,15,less content,one_per_show,0
894,6,12,Prime originals,none,1
894,5,15,Soccer,one_per_show,1
894,4,12,Soccer,none,1
894,5,8,Prime originals,none,1
895,5,10,Prime originals,one_per_show,1
895,2,18,HBO,one_per_show,0
895,6,12,Soccer,one_per_show,0
895,6,18,Disney,one_per_show,1
895,1,12,HBO,one_per_show,0
895,2,15,Prime originals,one_per_day,1
895,6,18,Prime originals,one_per_day,1
895,1,20,Soccer,one_per_show,0
896,1,10,Prime originals,one_per_show,1
896,4,8,Prime originals,none,0
896,4,10,Soccer,one_per_show,1
896,4,10,Marvel,one_per_show,1
896,5,18,Marvel,none,0
896,5,12,HBO,none,0
896,5,18,less content,one_per_show,0
896,3,15,Marvel,none,1
896,3,10,HBO,none,1
900,3,12,Disney,one_per_show,0
900,5,15,less content,one_per_day,0
900,4,12,Disney,one_per_day,1
900,1,15,Marvel,one_per_day,1
900,2,10,HBO,none,0
900,5,8,Soccer,one_per_show,0
900,2,8,Marvel,one_per_day,0
900,4,15,HBO,none,1
